Referring Domain,Spam,Dofollow Links,Domain Rating,First Seen
hexagon.com,false,1,82,5 Aug 2026
scamadviser.com,false,2,80,27 Jul 2026
grokipedia.com,false,1,78,31 Mar 2026
rankyour.website,true,0,74,2 May 2026
buybacklinks.agency,true,0,69,9 May 2026
fiverr-seo-for-small-businesses.site,true,0,68,19 Apr 2026
backlinker.shop,true,0,65,29 Sep 2025
rank-top.click,true,0,60,8 May 2026
linkrankpro.shop,true,0,54,3 May 2026
rankxlinks.shop,true,0,54,9 May 2026
ranklinkerpro.shop,true,0,54,23 May 2026
seorankflow.shop,true,0,54,21 Jun 2026
rankboostly.shop,true,0,54,6 Aug 2026
pbnseolinks.shop,true,0,53,9 May 2026
linkrankboost.shop,true,0,53,11 May 2026
seolinkpro.shop,true,0,53,10 May 2026
linkseopro.shop,true,0,53,9 May 2026
ranklinkpro.shop,true,0,53,18 May 2026
toplinkranker.shop,true,0,53,13 May 2026
linkrankseo.shop,true,0,53,25 Jun 2026
backlinksplace.site,true,0,52,3 Aug 2026
backlinkshop.site,true,0,52,31 Jul 2026
askmatchbox.com,true,1,51,8 Aug 2026
usja.net,false,9,51,5 Aug 2026
rank-now.website,true,0,51,26 Mar 2026
bye.fyi,true,0,47,10 Jan 2026
trafficspike.shop,true,0,47,17 Jul 2026
quero.party,true,0,46,17 Aug 2026
seodaro.com,true,0,42,27 Sep 2025
creativeposts.top,true,0,41,16 Aug 2026
appshunter.io,false,0,41,14 Aug 2026
atomizelink.icu,true,0,40,12 Feb 2026
betulcrime.com,true,1,40,23 Aug 2026
blogsphere.top,true,0,39,25 Aug 2026
analyticshaven.top,true,0,39,5 Aug 2026
screenshots.wiki,true,0,38,7 Aug 2026
optimizeflow.top,true,0,37,3 Aug 2026
hhsurf.com,false,0,37,20 Jul 2026
dailymusings.top,true,0,37,5 Aug 2026
jake.eu,true,0,37,13 Aug 2026
seogeko.shop,false,0,30,12 May 2026
riparsurfschool.com,false,0,29,2 Jul 2026
domainrankprovider.shop,true,0,29,23 Aug 2026
linkseoservice.shop,true,0,28,23 Jul 2026
rankseocollective.shop,true,0,28,24 Jul 2026
domainrankresults.shop,true,0,28,24 Jul 2026
domainrankacademy.shop,true,0,28,23 Jul 2026
domainrankteam.shop,true,0,28,23 Jul 2026
linkgrowthstudio.shop,true,0,28,19 Jul 2026
siterankbuilders.shop,true,0,28,26 Jul 2026
linkseoalliance.shop,true,0,28,19 Jul 2026
rankgrowthmarket.shop,true,0,28,19 Jul 2026
serpcollective.shop,true,0,28,24 Jul 2026
pageseopartners.shop,true,0,28,22 Aug 2026
backlinkinsights.shop,true,0,28,29 Jul 2026
seolinkcentral.shop,true,0,28,24 Jul 2026
backlinkbuilders.shop,true,0,28,24 Jul 2026
seogrowthpipeline.shop,true,0,28,19 Jul 2026
linkgrowthinsights.shop,true,0,28,23 Jul 2026
organicrankdirect.shop,true,0,28,21 Jul 2026
seolinktoolkit.shop,true,0,28,19 Jul 2026
linkseonetwork.shop,true,0,28,6 Aug 2026
linkcollective.shop,true,0,28,25 Jul 2026
toprankcompany.shop,true,0,28,27 Jul 2026
domainrankpartners.shop,true,0,28,7 Aug 2026
rankseojunction.shop,true,0,28,23 Jul 2026
pageseoexpress.shop,true,0,28,23 Jul 2026
searchrankgroup.shop,true,0,28,22 Jul 2026
seolinkfactory.shop,true,0,28,23 Jul 2026
rankgrowthmasters.shop,true,0,28,22 Jul 2026
seogrowthresults.shop,true,0,28,3 Aug 2026
searchrankbuilders.shop,true,0,28,22 Jul 2026
backlinkmasters.shop,true,0,28,19 Jul 2026
toprankacademy.shop,true,0,28,23 Jul 2026
domainrankexpress.shop,true,0,28,7 Aug 2026
siterankservice.shop,true,0,28,24 Jul 2026
seoagency.sale,true,0,28,21 Oct 2025
kkinsider.com,true,1,19,22 Aug 2026
topbillion.net,true,0,14,2 Aug 2026
rankpilot.shop,true,0,13,10 Oct 2025
stuharveyestates.com,false,0,12,7 Jul 2026
sdkc.org,false,2,12,22 Jul 2026
ipdracing.com,false,0,11,7 Jun 2026
ready.pro,true,0,11,18 Aug 2026
fastlifesite.com,true,1,9,24 Aug 2026
acquire.co.in,false,0,8,22 May 2026
addurl.in,false,0,8,20 May 2026
thedocmag.com,true,1,7,23 Aug 2026
allinone.co.in,true,0,7,26 May 2026
findit.co.in,false,0,6,24 May 2026
plrdownloadshub.com,true,1,6,23 Aug 2026
wecelebrities.com,true,1,5,4 Aug 2026
domaindexer.com,true,0,4,18 May 2026
quotesblom.com,true,1,3.2,6 Aug 2026
swimy.org,false,2,2.2,18 Jun 2026
archive-hu.com,true,1,2,14 Aug 2026
linkstock.shop,true,0,1.3,30 Jun 2026
kiteloopers.com,false,0,1.1,20 Jun 2026
seostash.shop,true,0,1.1,3 Jul 2026
nexusnext.agency,true,0,1,8 Apr 2026
backlinkshop.shop,true,0,0.9,11 Jun 2026
linkbundle.shop,true,0,0.9,21 Jun 2026
rankdeals.shop,true,0,0.9,3 Jul 2026
linkwares.shop,true,0,0.9,20 Jun 2026
rankoutlet.shop,true,0,0.8,2 Jul 2026
cgpa2percentag.com,true,1,0.8,24 Aug 2026
rankstash.shop,true,0,0.8,1 Jul 2026
linkforgepro.shop,true,0,0.8,17 Jun 2026
seolinkkart.shop,true,0,0.8,2 Jul 2026
backlinkorbit.shop,true,0,0.8,22 Jun 2026
linkcrate.shop,true,0,0.8,16 Aug 2026
backlinkvault.shop,true,0,0.8,13 Jun 2026
primebacklinks.shop,true,0,0.8,21 Jun 2026
seobits.shop,true,0,0.8,22 Jun 2026
linkory.shop,true,0,0.8,21 Jun 2026
nexabacklinks.shop,true,0,0.8,28 Jun 2026
rankcart.shop,true,0,0.8,3 Jul 2026
rankchest.shop,true,0,0.8,3 Jul 2026
rankloot.shop,true,0,0.7,2 Jul 2026
seodepot.shop,true,0,0.7,3 Jul 2026
seoloot.shop,true,0,0.7,3 Jul 2026
seokart.shop,true,0,0.7,1 Jul 2026
rankgear.shop,true,0,0.7,1 Jul 2026
seooutlet.shop,true,0,0.7,7 Jul 2026
seocartly.shop,true,0,0.7,3 Jul 2026
seowarez.shop,true,0,0.7,3 Jul 2026
guestpostlinks.shop,true,0,0.7,3 Aug 2026
seogear.shop,true,0,0.7,28 Jun 2026
seoprime.shop,true,0,0.7,20 Jul 2026
rankwares.shop,true,0,0.7,3 Jul 2026
linkloot.shop,true,0,0.7,21 Aug 2026
rankkit.shop,true,0,0.7,3 Jul 2026
seowares.shop,true,0,0.7,30 Jun 2026
rankpicks.shop,true,0,0.7,2 Aug 2026
seobazaar.shop,true,0,0.7,11 Aug 2026
seogo.shop,true,0,0.7,29 Jun 2026
rankdepot.shop,true,0,0.7,24 Jun 2026
linktrove.shop,true,0,0.7,26 Jun 2026
seobox.shop,true,0,0.7,2 Aug 2026
rankbundle.shop,true,0,0.7,29 Jun 2026
linkdepot.shop,true,0,0.7,8 Jul 2026
rankprime.shop,true,0,0.7,2 Jul 2026
seofinds.shop,true,0,0.7,21 Jun 2026
linkfinds.shop,true,0,0.7,22 Aug 2026
rankstock.shop,true,0,0.7,30 Jun 2026
linkstash.shop,true,0,0.7,17 Aug 2026
rankwagon.shop,true,0,0.7,2 Jul 2026
rankfinds.shop,true,0,0.7,3 Jul 2026
seosupply.shop,true,0,0.7,29 Jun 2026
seobundle.shop,true,0,0.7,1 Jul 2026
linkbarn.shop,true,0,0.7,24 Jun 2026
seocrate.shop,true,0,0.7,21 Jun 2026
rankseohub.shop,true,0,0.7,26 Jun 2026
rankcrate.shop,true,0,0.7,2 Jul 2026
dupurgeniefr.com,true,1,0.6,15 Aug 2026
portailorange.net,true,1,0.2,16 Aug 2026
vynixal.com,true,5,0.1,9 May 2026
digitalchatni.com,true,1,0,25 Aug 2026
searchrankcentral.shop,true,0,0,29 Jul 2026
searchranksolutions.shop,true,0,0,29 Jul 2026
linkseoinsights.shop,true,0,0,28 Jul 2026
seoboostresults.shop,true,0,0,30 Jul 2026
toprankalliance.shop,true,0,0,8 Aug 2026
linkgrowthauthority.shop,true,0,0,9 Aug 2026
seogrowthprovider.shop,true,0,0,28 Jul 2026
rankgrowthinsights.shop,true,0,0,7 Aug 2026
googleseopoint.shop,true,0,0,11 Aug 2026
seolinkexpress.shop,true,0,0,12 Aug 2026
primenewsartical.com,true,1,0,22 Aug 2026
webranksystems.shop,true,0,0,8 Aug 2026
seogrowthstudio.shop,true,0,0,15 Aug 2026
seoboostalliance.shop,true,0,0,9 Aug 2026
linkseoprovider.shop,true,0,0,8 Aug 2026
googleseoexperts.shop,true,0,0,13 Aug 2026
googleseocraft.shop,true,0,0,11 Aug 2026
organicranknetwork.shop,true,0,0,7 Aug 2026
pageseocollective.shop,true,0,0,10 Aug 2026
toprankresults.shop,true,0,0,10 Aug 2026
googleseoauthority.shop,true,0,0,11 Aug 2026
seoboostacademy.shop,true,0,0,10 Aug 2026
domainrankboost.shop,true,0,0,9 Aug 2026
googleseocompany.shop,true,0,0,14 Aug 2026
organicrankexpress.shop,true,0,0,7 Aug 2026
toprankmasters.shop,true,0,0,7 Aug 2026
toprankprovider.shop,true,0,0,8 Aug 2026
seoboostexchange.shop,true,0,0,9 Aug 2026
rankgrowthservice.shop,true,0,0,7 Aug 2026
rankseoprovider.shop,true,0,0,9 Aug 2026
pageseomasters.shop,true,0,0,7 Aug 2026
toprankpartners.shop,true,0,0,9 Aug 2026
blogerreviewers.com,true,2,0,14 Aug 2026
siterankprovider.shop,true,0,0,9 Aug 2026
mymarketpost.com,true,1,0,24 Aug 2026
rankgrowthboost.shop,true,0,0,9 Aug 2026
pageseoservice.shop,true,0,0,7 Aug 2026
backlinkpartners.shop,true,0,0,28 Jul 2026
seoboostcompany.shop,true,0,0,28 Jul 2026
siterankexpress.shop,true,0,0,20 Aug 2026
rankseotoolkit.shop,true,0,0,7 Aug 2026
bluenews.app,false,1,0,11 Aug 2026
domainrankagency.shop,true,0,0,10 Aug 2026
seogrowthengine.shop,true,0,0,9 Aug 2026
linkgrowthcompany.shop,true,0,0,8 Aug 2026
sahammurah.com,true,1,0,14 Aug 2026
rankcollective.shop,true,0,0,9 Aug 2026
rankseoalliance.shop,true,0,0,28 Jul 2026
organicrankservice.shop,true,0,0,8 Aug 2026
rankgrowthsolutions.shop,true,0,0,8 Aug 2026
backlinkengine.shop,true,0,0,12 Aug 2026
siteranktoolkit.shop,true,0,0,17 Aug 2026
rankgrowthagency.shop,true,0,0,1 Aug 2026
rankseoservice.shop,true,0,0,8 Aug 2026
searchrankexperts.shop,true,0,0,30 Jul 2026
seogrowthalliance.shop,true,0,0,10 Aug 2026
