name,search_region,listed_location,provider_url,watch_url,embed_url,thumbnail_url,type,http_status,http_error,coverage_status,embed_permission,live_playback,possible_overlap,checked_at
Kohanaiki Web Camera,Hawaii Island,Pine Trees,https://www.youtube.com/@kohanaikihawaii3092/streams,https://www.youtube.com/watch?v=Sb6v9lXIDjc,https://www.youtube.com/embed/Sb6v9lXIDjc?autoplay=1&mute=1,https://i.ytimg.com/vi/Sb6v9lXIDjc/hqdefault_live.jpg,youtube,200,,Directory association only; nearby listings may be in a different state/region. Exact beach field of view unverified.,unverified,unverified,[],2026-09-03T18:24:45.830469+00:00
KONAWEB (Hulihee Palace),Hawaii Island,Hulihee Palace,https://www.konaweb.com/cam/index.html,,,,external,200,,Directory association only; nearby listings may be in a different state/region. Exact beach field of view unverified.,unverified,unverified,[],2026-09-03T18:24:45.830469+00:00
Mauna Kea Beach Hotel (Hapuna),Hawaii Island,Hapuna,https://marriott.ozolio.com/mauna-kea-beach-hotel/,,,,external,200,,Directory association only; nearby listings may be in a different state/region. Exact beach field of view unverified.,unverified,unverified,[],2026-09-03T18:24:45.830469+00:00
The Surfers View (Turtle Bay),Oahu,Turtle Bay,https://thesurfersview.com/live-cams/hawaii/turtle-bay-beach-cam-west-and-surf-report/,,,,external,200,,Directory association only; nearby listings may be in a different state/region. Exact beach field of view unverified.,unverified,unverified,[],2026-09-03T18:24:45.830469+00:00
Explore Annenberg LLC (Waimea Bay/Pinballs),Oahu,Waimea Bay/Pinballs,https://explore.org/livecams/hawaii/hawaii-waimea-bay-cam/,,,,external,200,,Directory association only; nearby listings may be in a different state/region. Exact beach field of view unverified.,unverified,unverified,[],2026-09-03T18:24:45.830469+00:00
"LIVE Banzai Pipeline Surf Cam: North Shore, Oahu - Hawaii | explore.org",Oahu,Banzai Pipeline and Backdoor,https://www.youtube.com/@ExploreBigSurfandBeaches,https://www.youtube.com/watch?v=Fp7l8XASb9Y,https://www.youtube.com/embed/Fp7l8XASb9Y?autoplay=1&mute=1,https://i.ytimg.com/vi/Fp7l8XASb9Y/hqdefault_live.jpg,youtube,200,,Directory association only; nearby listings may be in a different state/region. Exact beach field of view unverified.,unverified,unverified,[],2026-09-03T18:24:45.830469+00:00
Explore Annenberg LLC (Ehukai/Gums),Oahu,Ehukai/Gums,https://explore.org/livecams/hawaii/hawaii-pipeline-cam/,,,,external,200,,Directory association only; nearby listings may be in a different state/region. Exact beach field of view unverified.,unverified,unverified,[],2026-09-03T18:24:45.830469+00:00
Webcamtaxi (Ala Moana Courts),Oahu,Ala Moana Courts,https://www.webcamtaxi.com/en/usa/hawaii/honolulu-island-of-oahu.html/,,,,external,,HTTP Error 403: Forbidden,Directory association only; nearby listings may be in a different state/region. Exact beach field of view unverified.,unverified,unverified,[],2026-09-03T18:24:45.830469+00:00
CamGuide (Reef Runway (Hickam Harbor)),Oahu,Hickam Harbor,https://camguide.net/usa/hawaii/honolulu/beach/,,,,external,200,,Directory association only; nearby listings may be in a different state/region. Exact beach field of view unverified.,unverified,unverified,[],2026-09-03T18:24:45.830469+00:00
Ward Village (Ala Moana Bowls),Oahu,Ala Moana Bowls,https://www.wardvillage.com/surf-cam/,,,,external,,HTTP Error 403: Forbidden,Directory association only; nearby listings may be in a different state/region. Exact beach field of view unverified.,unverified,unverified,[],2026-09-03T18:24:45.830469+00:00
Hilton Hotel Waikiki (Waikiki),Oahu,Waikiki,https://www.hiltonwaikikibeach.com/surf-cam/,,,,external,,HTTP Error 403: Forbidden,Directory association only; nearby listings may be in a different state/region. Exact beach field of view unverified.,unverified,unverified,[],2026-09-03T18:24:45.830469+00:00
Sheraton Waikiki (Waikiki),Oahu,Waikiki,https://marriott.ozolio.com/sheraton-waikiki/,,,,external,200,,Directory association only; nearby listings may be in a different state/region. Exact beach field of view unverified.,unverified,unverified,[],2026-09-03T18:24:45.830469+00:00
Waikiki Aquarium (Waikiki),Oahu,Waikiki,https://www.youtube.com/@WaikikiAquariumHonolulu/streams,,,,external,200,,Directory association only; nearby listings may be in a different state/region. Exact beach field of view unverified.,unverified,unverified,['South Shore Surf Cam'],2026-09-03T18:24:45.830469+00:00
South Shore Surf Cam,Oahu,Publics,https://www.youtube.com/@WaikikiAquariumHonolulu/streams,https://www.youtube.com/watch?v=WIUg8wzhq1g,https://www.youtube.com/embed/WIUg8wzhq1g?autoplay=1&mute=1,https://i.ytimg.com/vi/WIUg8wzhq1g/hqdefault_live.jpg,youtube,200,,Directory association only; nearby listings may be in a different state/region. Exact beach field of view unverified.,unverified,unverified,['Waikiki Aquarium (Waikiki)'],2026-09-03T18:24:45.830469+00:00
The Royal Sonesta Resort (Kalapaki Beach),Kauai,Kalapaki Beach,https://www.ozolio.com/explore/IDWX000000A6,,,,external,200,,Directory association only; nearby listings may be in a different state/region. Exact beach field of view unverified.,unverified,unverified,[],2026-09-03T18:24:45.830469+00:00
Lawai Beach Resort - Live Cam,Kauai,PKs,https://www.youtube.com/@OurLawaiBeachResort/streams,https://www.youtube.com/watch?v=3ATYHKN2hIg,https://www.youtube.com/embed/3ATYHKN2hIg?autoplay=1&mute=1,https://i.ytimg.com/vi/3ATYHKN2hIg/hqdefault_live.jpg,youtube,200,,Directory association only; nearby listings may be in a different state/region. Exact beach field of view unverified.,unverified,unverified,[],2026-09-03T18:24:45.830469+00:00
Whalers Cove Resort (PKs),Kauai,PKs,https://www.whalerscoveresort.com/webcam,,,,external,200,,Directory association only; nearby listings may be in a different state/region. Exact beach field of view unverified.,unverified,unverified,[],2026-09-03T18:24:45.830469+00:00
Brenneckes.com (Brenneckes),Kauai,Brenneckes,https://brenneckes.com/beach-webcam/,,,,external,200,,Directory association only; nearby listings may be in a different state/region. Exact beach field of view unverified.,unverified,unverified,[],2026-09-03T18:24:45.830469+00:00
Maui Eldorado (Osterizers/Rainbows),Maui,Osterizers/Rainbows,https://www.mauieldorado.com/webcams,,,,external,200,,Directory association only; nearby listings may be in a different state/region. Exact beach field of view unverified.,unverified,unverified,[],2026-09-03T18:24:45.830469+00:00
Whaler Condo (Ka'anapali Point),Maui,Ka'anapali Point,https://www.youtube.com/@mauilivecam7143/streams,,,,external,200,,Directory association only; nearby listings may be in a different state/region. Exact beach field of view unverified.,unverified,unverified,[],2026-09-03T18:24:45.830469+00:00
Maui Seashell – Hale Mahina Resort (S-Turns),Maui,S-Turns,https://halemahinacondo.com/web-cam/,,,,external,200,,Directory association only; nearby listings may be in a different state/region. Exact beach field of view unverified.,unverified,unverified,[],2026-09-03T18:24:45.830469+00:00
Napili Sunset Resort (Little Makaha),Maui,Little Makaha,https://www.napilisunset.com/live-webcam/,,,,external,200,,Directory association only; nearby listings may be in a different state/region. Exact beach field of view unverified.,unverified,unverified,[],2026-09-03T18:24:45.830469+00:00
The Hale Pau Hana Surf Cam,Maui,Kihei Cove,https://www.youtube.com/@HalePauHanaBeachResortKihei/streams,https://www.youtube.com/watch?v=hPvl6IACa2k,https://www.youtube.com/embed/hPvl6IACa2k?autoplay=1&mute=1,https://i.ytimg.com/vi/hPvl6IACa2k/hqdefault_live.jpg,youtube,200,,Directory association only; nearby listings may be in a different state/region. Exact beach field of view unverified.,unverified,unverified,[],2026-09-03T18:24:45.830469+00:00
Grand Wailea Hotel (Kihei Cove),Maui,Kihei Cove,https://www.grandwailea.com/grand-wailea-webcam,,,,external,200,,Directory association only; nearby listings may be in a different state/region. Exact beach field of view unverified.,unverified,unverified,[],2026-09-03T18:24:45.830469+00:00
Rentals Maui (Kihei Cove),Maui,Kihei Cove,https://www.rentalsmaui.com/maui-web-cam/,,,,external,200,,Directory association only; nearby listings may be in a different state/region. Exact beach field of view unverified.,unverified,unverified,[],2026-09-03T18:24:45.830469+00:00
Pacific Terrace Hotel (Crystal Pier and Pacific Beach),Southern California,Crystal Pier and Pacific Beach,https://www.pacificterrace.com/web-cam,,,,external,,HTTP Error 403: Forbidden,Directory association only; nearby listings may be in a different state/region. Exact beach field of view unverified.,unverified,unverified,[],2026-09-03T18:27:48.842633+00:00
"🔴La Jolla Beach - San Diego, California - Live Cam",Southern California,La Jolla Shores,https://www.youtube.com/@EarthWatchLive1,https://www.youtube.com/watch?v=YQovPWtgydY,https://www.youtube.com/embed/YQovPWtgydY?autoplay=1&mute=1,https://i.ytimg.com/vi/YQovPWtgydY/hqdefault_live.jpg,youtube,200,,Directory association only; nearby listings may be in a different state/region. Exact beach field of view unverified.,unverified,unverified,[],2026-09-03T18:27:48.842633+00:00
HDONTAP (Del Mar Beach),Southern California,Del Mar Beach,https://hdontap.com/index.php/video/stream/del_mar_beach,,,,external,200,,Directory association only; nearby listings may be in a different state/region. Exact beach field of view unverified.,unverified,unverified,[],2026-09-03T18:27:48.842633+00:00
Moonlight Beach Rental (Sandbox),Southern California,Sandbox,https://www.skylinewebcams.com/en/webcam/united-states/california/encinitas/encinitas-california.html,,,,external,200,,Directory association only; nearby listings may be in a different state/region. Exact beach field of view unverified.,unverified,unverified,[],2026-09-03T18:27:48.842633+00:00
"The Rooftop Bar | Oceanside, CA | San Diego Web Cam",Southern California,Oceanside Pier,https://www.youtube.com/@SanDiegoWebCam/streams,https://www.youtube.com/watch?v=cvP_F-c2Upw,https://www.youtube.com/embed/cvP_F-c2Upw?autoplay=1&mute=1,https://i.ytimg.com/vi/cvP_F-c2Upw/hqdefault_live.jpg,youtube,200,,Directory association only; nearby listings may be in a different state/region. Exact beach field of view unverified.,unverified,unverified,"['The Rooftop Bar (Fixed Wide West) | Oceanside, CA | San Diego Web Cam']",2026-09-03T18:27:48.842633+00:00
HDONTAP (Terra Mar),Southern California,Terra Mar,https://hdontap.com/index.php/video/stream/carlsbad-beach-live-webcam,,,,external,200,,Directory association only; nearby listings may be in a different state/region. Exact beach field of view unverified.,unverified,unverified,[],2026-09-03T18:27:48.842633+00:00
"The Rooftop Bar (Fixed Wide West) | Oceanside, CA | San Diego Web Cam",Southern California,Oceanside Beach,https://www.youtube.com/@SanDiegoWebCam/streams,https://www.youtube.com/watch?v=OYqo4dqYjh0,https://www.youtube.com/embed/OYqo4dqYjh0?autoplay=1&mute=1,https://i.ytimg.com/vi/OYqo4dqYjh0/hqdefault_live.jpg,youtube,200,,Directory association only; nearby listings may be in a different state/region. Exact beach field of view unverified.,unverified,unverified,"['The Rooftop Bar | Oceanside, CA | San Diego Web Cam']",2026-09-03T18:27:48.842633+00:00
Waldorf Astoria Monarch Beach Resort (Dana Point),Southern California,Dana Point,https://www.waldorfastoriamonarchbeach.com/experience/private-beach-club,,,,external,200,,Directory association only; nearby listings may be in a different state/region. Exact beach field of view unverified.,unverified,unverified,[],2026-09-03T18:27:48.842633+00:00
Pacifica View,Northern California,,https://pacificaview.net/livecam/index.php/,,,,external,200,,Directory association only; nearby listings may be in a different state/region. Exact beach field of view unverified.,unverified,unverified,[],2026-09-03T18:27:48.842633+00:00
"Pacifica Pier and Beach, Pacifica CA 4k Live",Northern California,Sharp Park,https://www.youtube.com/@ChamberlinNature/streams,https://www.youtube.com/watch?v=QYRIc4LcvqQ,https://www.youtube.com/embed/QYRIc4LcvqQ?autoplay=1&mute=1,https://i.ytimg.com/vi/QYRIc4LcvqQ/hqdefault_live.jpg,youtube,200,,Directory association only; nearby listings may be in a different state/region. Exact beach field of view unverified.,unverified,unverified,"['Sharp Park Beach, Pacifica CA 4K Live', 'Chamberlin Nature (Sharp Park)']",2026-09-03T18:27:48.842633+00:00
"Sharp Park Beach, Pacifica CA 4K Live",Northern California,Sharp Park,https://www.youtube.com/@ChamberlinNature/streams,https://www.youtube.com/watch?v=lmec_rcEIL4,https://www.youtube.com/embed/lmec_rcEIL4?autoplay=1&mute=1,https://i.ytimg.com/vi/lmec_rcEIL4/hqdefault_live.jpg,youtube,200,,Directory association only; nearby listings may be in a different state/region. Exact beach field of view unverified.,unverified,unverified,"['Pacifica Pier and Beach, Pacifica CA 4k Live', 'Chamberlin Nature (Sharp Park)']",2026-09-03T18:27:48.842633+00:00
Chamberlin Nature (Sharp Park),Northern California,Sharp Park,https://www.youtube.com/@ChamberlinNature/streams,,,,external,200,,Directory association only; nearby listings may be in a different state/region. Exact beach field of view unverified.,unverified,unverified,"['Pacifica Pier and Beach, Pacifica CA 4k Live', 'Sharp Park Beach, Pacifica CA 4K Live']",2026-09-03T18:27:48.842633+00:00
Pacifica Live Cameras (Sharp Park),Northern California,Sharp Park,https://www.pacificaview.net/livecam/,,,,external,200,,Directory association only; nearby listings may be in a different state/region. Exact beach field of view unverified.,unverified,unverified,[],2026-09-03T18:27:48.842633+00:00
Skyline Webcams (Sharp Park),Northern California,Sharp Park,https://www.skylinewebcams.com/en/webcam/united-states/california/pacifica/pacifica-sharp-park-beach.html/,,,,external,200,,Directory association only; nearby listings may be in a different state/region. Exact beach field of view unverified.,unverified,unverified,[],2026-09-03T18:27:48.842633+00:00
Marin-County (Ocean Beach),Northern California,Ocean Beach,https://www.surfoutlook.com/surfcam/sanfrancisco/ocean-beach,,,,external,200,,Directory association only; nearby listings may be in a different state/region. Exact beach field of view unverified.,unverified,unverified,[],2026-09-03T18:27:48.842633+00:00
Sigward (Stinson Beach),Northern California,Stinson Beach,https://www.sigward.com/,,,,external,200,,Directory association only; nearby listings may be in a different state/region. Exact beach field of view unverified.,unverified,unverified,[],2026-09-03T18:27:48.842633+00:00
Farallon Islands Live Webcam | California Academy of Sciences,Northern California,Double Point,https://www.youtube.com/@calacademy/streams,https://www.youtube.com/watch?v=fHb0eB9RUgA,https://www.youtube.com/embed/fHb0eB9RUgA?autoplay=1&mute=1,https://i.ytimg.com/vi/fHb0eB9RUgA/hqdefault_live.jpg,youtube,200,,Directory association only; nearby listings may be in a different state/region. Exact beach field of view unverified.,unverified,unverified,[],2026-09-03T18:27:48.842633+00:00
The Marine Mammal Center Live Stream Point Reyes National Seashore,Northern California,Drakes Estero,https://www.youtube.com/@themarinemammalcenterlives3249/streams,https://www.youtube.com/watch?v=t4IilnlL_9Q,https://www.youtube.com/embed/t4IilnlL_9Q?autoplay=1&mute=1,https://i.ytimg.com/vi/t4IilnlL_9Q/hqdefault_live.jpg,youtube,200,,Directory association only; nearby listings may be in a different state/region. Exact beach field of view unverified.,unverified,unverified,[],2026-09-03T18:27:48.842633+00:00
Lawsons Landing (Shark Pit),Northern California,Shark Pit,https://www.lawsonslanding.com/webcam.html,,,,external,200,,Directory association only; nearby listings may be in a different state/region. Exact beach field of view unverified.,unverified,unverified,[],2026-09-03T18:27:48.842633+00:00
Pacific Coastal and Marine Science Center (Cowells Cove),Northern California,Cowells Cove,https://www.usgs.gov/media/webcams/santa-cruz-main-beach-video-camera-1-snapshot,,,,external,,<urlopen error [SSL: CERTIFICATE_VERIFY_FAILED] certificate verify failed: unable to get local issuer certificate (_ssl.c:1081)>,Directory association only; nearby listings may be in a different state/region. Exact beach field of view unverified.,unverified,unverified,[],2026-09-03T18:27:48.842633+00:00
Horseshoe Cove Webcam,Northern California,Doran Beach,https://www.youtube.com/@BodegaMarineLab/streams,https://www.youtube.com/watch?v=jUjO_Z1EVfA,https://www.youtube.com/embed/jUjO_Z1EVfA?autoplay=1&mute=1,https://i.ytimg.com/vi/jUjO_Z1EVfA/hqdefault_live.jpg,youtube,200,,Directory association only; nearby listings may be in a different state/region. Exact beach field of view unverified.,unverified,unverified,[],2026-09-03T18:27:48.842633+00:00
Bodega Ocean Observing Node (Salmon Creek),Northern California,Salmon Creek,https://boon.ucdavis.edu/tools/coastal-conditions/,,,,external,,HTTP Error 403: Forbidden,Directory association only; nearby listings may be in a different state/region. Exact beach field of view unverified.,unverified,unverified,[],2026-09-03T18:27:48.842633+00:00
City of Seaside,Oregon,Seaside Cove,https://www.youtube.com/@KOINLOCAL6,https://www.youtube.com/watch?v=Ce_vAKq1kUA,https://www.youtube.com/embed/Ce_vAKq1kUA?autoplay=1&mute=1,https://i.ytimg.com/vi/Ce_vAKq1kUA/hqdefault_live.jpg,youtube,200,,Directory association only; nearby listings may be in a different state/region. Exact beach field of view unverified.,unverified,unverified,[],2026-09-03T18:27:48.842633+00:00
"Chinook Winds Casino Resort in Lincoln City, OR",Oregon,Roads End,https://www.youtube.com/@KOINLOCAL6/streams,https://www.youtube.com/watch?v=KFPYXo72qDI,https://www.youtube.com/embed/KFPYXo72qDI?autoplay=1&mute=1,https://i.ytimg.com/vi/KFPYXo72qDI/hqdefault_live.jpg,youtube,200,,Directory association only; nearby listings may be in a different state/region. Exact beach field of view unverified.,unverified,unverified,[],2026-09-03T18:27:48.842633+00:00
Forks Chamber of Commerce (La Push),Washington,La Push,https://forkswa.com/plan-your-visit/webcams/,,,,external,200,,Directory association only; nearby listings may be in a different state/region. Exact beach field of view unverified.,unverified,unverified,[],2026-09-03T18:27:48.842633+00:00
ForksWA (The Cape),Washington,The Cape,https://pixelcaster.com/dnc-kalaloch/kalaloch.jpg,,,,external,200,,Directory association only; nearby listings may be in a different state/region. Exact beach field of view unverified.,unverified,unverified,[],2026-09-03T18:27:48.842633+00:00
Courtyard Virginia Beach Oceanfront,Virginia / North Carolina,,https://vbbound.com/webcams/courtyard-virginia-beach-boardwalk-webcam/,,,,external,200,,Directory association only; nearby listings may be in a different state/region. Exact beach field of view unverified.,unverified,unverified,[],2026-09-03T18:27:48.842633+00:00
Watermans Surfside Grill,Virginia / North Carolina,,https://vbbound.com/webcams/watermans-surfside-grill-boardwalk-webcam/,,,,external,200,,Directory association only; nearby listings may be in a different state/region. Exact beach field of view unverified.,unverified,unverified,[],2026-09-03T18:27:48.842633+00:00
Corolla Light Resort (Corolla Lighthouse),Virginia / North Carolina,Corolla Lighthouse,https://www.corollalightresort.com/surf-cam/,,,,external,200,,Directory association only; nearby listings may be in a different state/region. Exact beach field of view unverified.,unverified,unverified,[],2026-09-03T18:27:48.842633+00:00
Sea Ranch Resort (Avalon Pier),Virginia / North Carolina,Avalon Pier,https://www.searanchresort.com/webcam/,,,,external,200,,Directory association only; nearby listings may be in a different state/region. Exact beach field of view unverified.,unverified,unverified,[],2026-09-03T18:27:48.842633+00:00
Nest (Jenkinsons (Point Pleasant Beach)),New Jersey / New York,Point Pleasant Beach,https://video.nest.com/live/JKTTcsayyN,,,,external,200,,Directory association only; nearby listings may be in a different state/region. Exact beach field of view unverified.,unverified,unverified,[],2026-09-03T18:27:48.842633+00:00
The Surfers View (Rockaway),New Jersey / New York,Rockaway,https://thesurfersview.com/live-cams/new-york/rockaway-beach-cam-and-surf-report/,,,,external,200,,Directory association only; nearby listings may be in a different state/region. Exact beach field of view unverified.,unverified,unverified,[],2026-09-03T18:27:48.842633+00:00
TOBAY Beach Live Stream,New Jersey / New York,Tobay beach,https://www.youtube.com/@townofoysterbay9160/streams,https://www.youtube.com/watch?v=Qzcvhq34p6w,https://www.youtube.com/embed/Qzcvhq34p6w?autoplay=1&mute=1,https://i.ytimg.com/vi/Qzcvhq34p6w/hqdefault_live.jpg,youtube,200,,Directory association only; nearby listings may be in a different state/region. Exact beach field of view unverified.,unverified,unverified,[],2026-09-03T18:27:48.842633+00:00
Resorts Casino Hotel Beach Camera,New Jersey / New York,Crystals,https://www.youtube.com/@ResortsCasino/streams,https://www.youtube.com/watch?v=vVyBOU9Huvo,https://www.youtube.com/embed/vVyBOU9Huvo?autoplay=1&mute=1,https://i.ytimg.com/vi/vVyBOU9Huvo/hqdefault_live.jpg,youtube,200,,Directory association only; nearby listings may be in a different state/region. Exact beach field of view unverified.,unverified,unverified,[],2026-09-03T18:27:48.842633+00:00
"EEOR - East Hampton, NY Main Beach Surf and Weather Webcam",New England,Georgica (East Hampton),https://www.youtube.com/@ErdmanVideoSystems/streams,https://www.youtube.com/watch?v=E8fp7TDgQUk,https://www.youtube.com/embed/E8fp7TDgQUk?autoplay=1&mute=1,https://i.ytimg.com/vi/E8fp7TDgQUk/hqdefault_live.jpg,youtube,200,,Directory association only; nearby listings may be in a different state/region. Exact beach field of view unverified.,unverified,unverified,[],2026-09-03T18:27:48.842633+00:00
"Hamptons.com - LIVE! 4K Main Beach, East Hampton Village, New York - Hamptons Surf Report",New England,Georgica (East Hampton),https://www.youtube.com/@Hamptons/streams,https://www.youtube.com/watch?v=xM1-e429Y3A,https://www.youtube.com/embed/xM1-e429Y3A?autoplay=1&mute=1,https://i.ytimg.com/vi/xM1-e429Y3A/hqdefault_live.jpg,youtube,200,,Directory association only; nearby listings may be in a different state/region. Exact beach field of view unverified.,unverified,unverified,"['Hamptons.com - LIVE! Windmill Bay & Beach, Sag Harbor, New York | K Pasa Restaurant']",2026-09-03T18:27:48.842633+00:00
"Hamptons.com - LIVE! Windmill Bay & Beach, Sag Harbor, New York | K Pasa Restaurant",New England,Georgica Pond,https://www.youtube.com/@Hamptons/streams,https://www.youtube.com/watch?v=l1A96hXsrCU,https://www.youtube.com/embed/l1A96hXsrCU?autoplay=1&mute=1,https://i.ytimg.com/vi/l1A96hXsrCU/hqdefault_live.jpg,youtube,200,,Directory association only; nearby listings may be in a different state/region. Exact beach field of view unverified.,unverified,unverified,"['Hamptons.com - LIVE! 4K Main Beach, East Hampton Village, New York - Hamptons Surf Report']",2026-09-03T18:27:48.842633+00:00
Two Palms (Lori Wilson Park),Florida,Lori Wilson Park,https://www.twopalms.com/,,,,external,200,,Directory association only; nearby listings may be in a different state/region. Exact beach field of view unverified.,unverified,unverified,[],2026-09-03T18:27:48.842633+00:00
New Smyrna Beach Cam 180,Florida,Flagler Avenue,https://www.youtube.com/@VolusiaBeaches/streams,https://www.youtube.com/watch?v=550p9smwjPM,https://www.youtube.com/embed/550p9smwjPM?autoplay=1&mute=1,https://i.ytimg.com/vi/550p9smwjPM/hqdefault_live.jpg,youtube,200,,Directory association only; nearby listings may be in a different state/region. Exact beach field of view unverified.,unverified,unverified,['Volusia Beaches (New Smyrna Inlet)'],2026-09-03T18:27:48.842633+00:00
Volusia Beaches (New Smyrna Inlet),Florida,New Smyrna Inlet,https://www.youtube.com/@VolusiaBeaches/streams,,,,external,200,,Directory association only; nearby listings may be in a different state/region. Exact beach field of view unverified.,unverified,unverified,['New Smyrna Beach Cam 180'],2026-09-03T18:27:48.842633+00:00
Volusia County (New Smyrna Inlet),Florida,New Smyrna Inlet,https://www.skylinewebcams.com/en/webcam/united-states/florida/new-smyrna/new-smyrna.html,,,,external,200,,Directory association only; nearby listings may be in a different state/region. Exact beach field of view unverified.,unverified,unverified,[],2026-09-03T18:27:48.842633+00:00
Skyline Webcams (Laguna Beach - South Crescent Bay),Southern California,Laguna Beach - South Crescent Bay,https://www.skylinewebcams.com/en/webcam/united-states/california/laguna-beach/laguna-beach.html,,,,external,200,,Directory association only; nearby listings may be in a different state/region. Exact beach field of view unverified.,unverified,unverified,[],2026-09-03T18:27:48.842633+00:00
Surf & Sand Resort (Laguna Beach - Rockpile),Southern California,Laguna Beach - Rockpile,https://www.surfandsandresort.com/live-webcam,,,,external,200,,Directory association only; nearby listings may be in a different state/region. Exact beach field of view unverified.,unverified,unverified,[],2026-09-03T18:27:48.842633+00:00
Lifeguard HQ,Southern California,Huntington Beach,https://www.youtube.com/@cityofhb/streams,https://www.youtube.com/watch?v=RGYlFjV-dtc,https://www.youtube.com/embed/RGYlFjV-dtc?autoplay=1&mute=1,https://i.ytimg.com/vi/RGYlFjV-dtc/hqdefault_live.jpg,youtube,200,,Directory association only; nearby listings may be in a different state/region. Exact beach field of view unverified.,unverified,unverified,['View from Huntington Beach Pier'],2026-09-03T18:27:48.842633+00:00
View from Huntington Beach Pier,Southern California,Huntington Beach,https://www.youtube.com/@cityofhb/streams,https://www.youtube.com/watch?v=mhQjsLBfOoY,https://www.youtube.com/embed/mhQjsLBfOoY?autoplay=1&mute=1,https://i.ytimg.com/vi/mhQjsLBfOoY/hqdefault_live.jpg,youtube,200,,Directory association only; nearby listings may be in a different state/region. Exact beach field of view unverified.,unverified,unverified,['Lifeguard HQ'],2026-09-03T18:27:48.842633+00:00
Huntington Pier Webcam,Southern California,Huntington Pier,https://www.youtube.com/watch?v=mhQjsLBfOoY,,https://www.youtube.com/watch?v=mhQjsLBfOoY,https://img.youtube.com/vi/xXV3sz92k8w/hqdefault.jpg,iframe,200,,Directory association only; nearby listings may be in a different state/region. Exact beach field of view unverified.,unverified,unverified,[],2026-09-03T18:27:48.842633+00:00
Lifeguard HQ Huntington Beach (Huntington Pier),Southern California,Huntington Pier,https://www.youtube.com/watch?v=RGYlFjV-dtc,,,,external,200,,Directory association only; nearby listings may be in a different state/region. Exact beach field of view unverified.,unverified,unverified,[],2026-09-03T18:27:48.842633+00:00
North Coast Aviation (Manchester Beach),Northern California,Manchester Beach,https://northcoastaviation.com/pt_arena/point_arena_west.htm,,,,external,,HTTP Error 406: Not Acceptable,Directory association only; nearby listings may be in a different state/region. Exact beach field of view unverified.,unverified,unverified,[],2026-09-03T18:27:48.842633+00:00
7th Street Surf Shop (Ocean City - 7th Street),New Jersey / New York,Ocean City - 7th Street,https://7thstreetsurfshop.com/wave-cam,,,,external,200,,Directory association only; nearby listings may be in a different state/region. Exact beach field of view unverified.,unverified,unverified,['7th Street Surf Shop (Ocean City - 7th Street)'],2026-09-03T18:27:48.842633+00:00
7th Street Surf Shop (Ocean City - 7th Street),New Jersey / New York,Ocean City - 7th Street,https://7thstreetsurfshop.com/wave-cam/7th-street,,,,external,200,,Directory association only; nearby listings may be in a different state/region. Exact beach field of view unverified.,unverified,unverified,['7th Street Surf Shop (Ocean City - 7th Street)'],2026-09-03T18:27:48.842633+00:00
Berger Realty (Ocean City - 7th Street),New Jersey / New York,Ocean City - 7th Street,https://www.bergerrealty.com/ocean-city/live-cams.html,,,,external,200,,Directory association only; nearby listings may be in a different state/region. Exact beach field of view unverified.,unverified,unverified,[],2026-09-03T18:27:48.842633+00:00
Ocean City Webcams (Ocean City - 14th 15th St),New Jersey / New York,Ocean City - 14th 15th St,https://oceancitylive.com/ocean-city-webcams/ocean-city-beach-cam/,,,,external,200,,Directory association only; nearby listings may be in a different state/region. Exact beach field of view unverified.,unverified,unverified,[],2026-09-03T18:27:48.842633+00:00
Sea Isle City Beach Patrol Webcam,New Jersey / New York,47th Street,https://www.youtube.com/@seaislecitybeachpatrol2994/streams,https://www.youtube.com/watch?v=FYOGiFH60uM,https://www.youtube.com/embed/FYOGiFH60uM?autoplay=1&mute=1,https://i.ytimg.com/vi/FYOGiFH60uM/hqdefault_live.jpg,youtube,200,,Directory association only; nearby listings may be in a different state/region. Exact beach field of view unverified.,unverified,unverified,[],2026-09-03T18:27:48.842633+00:00
Rehoboth Boardwalk Plaza Hotel Cam,New Jersey / New York,Rehoboth Main,https://www.youtube.com/@rehobothboardwalkcam2205/streams,https://www.youtube.com/watch?v=lq15dNFXISw,https://www.youtube.com/embed/lq15dNFXISw?autoplay=1&mute=1,https://i.ytimg.com/vi/lq15dNFXISw/hqdefault_live.jpg,youtube,200,,Directory association only; nearby listings may be in a different state/region. Exact beach field of view unverified.,unverified,unverified,[],2026-09-03T18:27:48.842633+00:00
Beach-net.com Boardwalk Plaza Hotel (Rehoboth Main),New Jersey / New York,Rehoboth Main,https://www.rehobothbeachcam.com/,,,,external,200,,Directory association only; nearby listings may be in a different state/region. Exact beach field of view unverified.,unverified,unverified,[],2026-09-03T18:27:48.842633+00:00
Flagler Beach Pier Cam (Flagler),Florida,Flagler,https://www.youtube.com/@flaglerbeachpiercam3210,,,,external,200,,Directory association only; nearby listings may be in a different state/region. Exact beach field of view unverified.,unverified,unverified,[],2026-09-03T18:27:48.842633+00:00
Flagler Surf (Flagler),Florida,Flagler,https://flaglersurf.com/webcam/,,,,external,200,,Directory association only; nearby listings may be in a different state/region. Exact beach field of view unverified.,unverified,unverified,[],2026-09-03T18:27:48.842633+00:00
North Vilano - South Ponte Vedra Surf Station Cam,Florida,Lighthouse,https://www.youtube.com/@SurfStationCam/streams,https://www.youtube.com/watch?v=o4BJ-eDgYrM,https://www.youtube.com/embed/o4BJ-eDgYrM?autoplay=1&mute=1,https://i.ytimg.com/vi/o4BJ-eDgYrM/hqdefault_live.jpg,youtube,200,,Directory association only; nearby listings may be in a different state/region. Exact beach field of view unverified.,unverified,unverified,['Surf Station North Pier Cam'],2026-09-03T18:27:48.842633+00:00
Surf Station North Pier Cam,Florida,St Augustine Beach Pier,https://www.youtube.com/@SurfStationCam/streams,https://www.youtube.com/watch?v=Q6eZVkUKFxo,https://www.youtube.com/embed/Q6eZVkUKFxo?autoplay=1&mute=1,https://i.ytimg.com/vi/Q6eZVkUKFxo/hqdefault_live.jpg,youtube,200,,Directory association only; nearby listings may be in a different state/region. Exact beach field of view unverified.,unverified,unverified,['North Vilano - South Ponte Vedra Surf Station Cam'],2026-09-03T18:27:48.842633+00:00
@SurfStationCam (St Augustine Pier),Florida,St Augustine Pier,https://www.youtube.com/embed/Q6eZVkUKFxo,,,,external,200,,Directory association only; nearby listings may be in a different state/region. Exact beach field of view unverified.,unverified,unverified,[],2026-09-03T18:27:48.842633+00:00
Surf Station (St Augustine Beach Pier),Florida,St Augustine Beach Pier,https://www.surf-station.com/st-augustine-pier-wave-cam/,,,,external,200,,Directory association only; nearby listings may be in a different state/region. Exact beach field of view unverified.,unverified,unverified,[],2026-09-03T18:27:48.842633+00:00
City of Redondo Beach Pier,Southern California,Redondo Beach,https://www.youtube.com/@CityofRedondoBeachIT/streams,https://www.youtube.com/watch?v=TuVOKRP7IBA,https://www.youtube.com/embed/TuVOKRP7IBA?autoplay=1&mute=1,https://i.ytimg.com/vi/TuVOKRP7IBA/hqdefault_live.jpg,youtube,200,,Directory association only; nearby listings may be in a different state/region. Exact beach field of view unverified.,unverified,unverified,[],2026-09-03T18:27:48.842633+00:00
LuvinLife (Redondo Beach),Southern California,Redondo Beach,https://www.luvinlife.me/Beach_Cam.html,,,,external,200,,Directory association only; nearby listings may be in a different state/region. Exact beach field of view unverified.,unverified,unverified,[],2026-09-03T18:27:48.842633+00:00
Manhattan Beach Cam and Surf Report,Southern California,Manhattan Beach and Pier,https://www.youtube.com/@TheSurfersView/streams,https://www.youtube.com/watch?v=tBEIYdw1HeM,https://www.youtube.com/embed/tBEIYdw1HeM?autoplay=1&mute=1,https://i.ytimg.com/vi/tBEIYdw1HeM/hqdefault_live.jpg,youtube,200,,Directory association only; nearby listings may be in a different state/region. Exact beach field of view unverified.,unverified,unverified,[],2026-09-03T18:27:48.842633+00:00
Venice Sidewalk Cafe (Venice Pier),Southern California,Venice Pier,https://www.westland.net/beachcam/,,,,external,200,,Directory association only; nearby listings may be in a different state/region. Exact beach field of view unverified.,unverified,unverified,[],2026-09-03T18:27:48.842633+00:00
🔴 Los Angeles Live Cam · Venice Beach · Venice V Hotel · Live Camera Stream,Southern California,Venice Breakwater,https://www.youtube.com/@Teleport.camera/streams,https://www.youtube.com/watch?v=EO_1LWqsCNE,https://www.youtube.com/embed/EO_1LWqsCNE?autoplay=1&mute=1,https://i.ytimg.com/vi/EO_1LWqsCNE/hqdefault_live.jpg,youtube,200,,Directory association only; nearby listings may be in a different state/region. Exact beach field of view unverified.,unverified,unverified,[],2026-09-03T18:27:48.842633+00:00
Gateway Subaru Camera at The Commander Hotel,New Jersey / New York,The Inlet and Pier,https://www.youtube.com/@CommanderCamera-qv3xl/streams,https://www.youtube.com/watch?v=zCEiot7sEWY,https://www.youtube.com/embed/zCEiot7sEWY?autoplay=1&mute=1,https://i.ytimg.com/vi/zCEiot7sEWY/hqdefault_live.jpg,youtube,200,,Directory association only; nearby listings may be in a different state/region. Exact beach field of view unverified.,unverified,unverified,[],2026-09-03T18:27:48.842633+00:00
Days Inn Oceanfront (The Inlet and Pier),New Jersey / New York,The Inlet and Pier,https://daysinnboardwalk.com/ocean-city-md-hotel-live-cam/,,,,external,200,,Directory association only; nearby listings may be in a different state/region. Exact beach field of view unverified.,unverified,unverified,[],2026-09-03T18:27:48.842633+00:00
Jacksonville Beach Pier Live Cam / South View / By 911surfreport.com,Florida,Ponte Vedra,https://www.youtube.com/@eddiewouldknow/streams,https://www.youtube.com/watch?v=c400PBf6adI,https://www.youtube.com/embed/c400PBf6adI?autoplay=1&mute=1,https://i.ytimg.com/vi/c400PBf6adI/hqdefault_live.jpg,youtube,200,,Directory association only; nearby listings may be in a different state/region. Exact beach field of view unverified.,unverified,unverified,"['Live Cam From The Best Western In Jacksonville Beach, Fl.', 'Jacksonville Beach Pier Live Cam / North View / By 911surfreport.com']",2026-09-03T18:27:48.842633+00:00
Surf Station (Ponte Vedra),Florida,Ponte Vedra,https://www.surf-station.com/north-vilano-surf-cam/,,,,external,200,,Directory association only; nearby listings may be in a different state/region. Exact beach field of view unverified.,unverified,unverified,[],2026-09-03T18:27:48.842633+00:00
"Live Cam From The Best Western In Jacksonville Beach, Fl.",Florida,7th Avenue,https://www.youtube.com/@eddiewouldknow/streams,https://www.youtube.com/watch?v=bZ4uxyLqV-E,https://www.youtube.com/embed/bZ4uxyLqV-E?autoplay=1&mute=1,https://i.ytimg.com/vi/bZ4uxyLqV-E/hqdefault_live.jpg,youtube,200,,Directory association only; nearby listings may be in a different state/region. Exact beach field of view unverified.,unverified,unverified,"['Jacksonville Beach Pier Live Cam / South View / By 911surfreport.com', 'Jacksonville Beach Pier Live Cam / North View / By 911surfreport.com']",2026-09-03T18:27:48.842633+00:00
Jacksonville Beach Pier Live Cam / North View / By 911surfreport.com,Florida,Jax Beach Pier,https://www.youtube.com/@eddiewouldknow/streams,https://www.youtube.com/watch?v=JLvCEDGJr-s,https://www.youtube.com/embed/JLvCEDGJr-s?autoplay=1&mute=1,https://i.ytimg.com/vi/JLvCEDGJr-s/hqdefault_live.jpg,youtube,200,,Directory association only; nearby listings may be in a different state/region. Exact beach field of view unverified.,unverified,unverified,"['Jacksonville Beach Pier Live Cam / South View / By 911surfreport.com', 'Live Cam From The Best Western In Jacksonville Beach, Fl.']",2026-09-03T18:27:48.842633+00:00
Golden Isles Georgia (St Simons Island),Florida,St Simons Island,https://www.goldenisles.com/webcams/,,,,external,,HTTP Error 403: Forbidden,Directory association only; nearby listings may be in a different state/region. Exact beach field of view unverified.,unverified,unverified,[],2026-09-03T18:27:48.842633+00:00
