source_page_url,title,region_slug,provider,thumbnail_url,audit_stream_url,fetch_status,source_rights_status,licensed_override_note,match_status,quiver_beach_id,quiver_beach_slug,match_score,import_camera_url,stream_import_allowed,candidate_city,candidate_state,candidate_country
https://thesurfersview.com/live-cams/alabama/orange-beach-cam-surf-report/,Orange Beach Cam & Surf Report - The Surfers View,alabama,Coastal Camera Network,https://cdn.target-video.com/live/partners/12647/snapshot/694821_sd_69fd416359599_1778205027.jpg,https://orangebeach.cdn.coastalcameranetwork.com/Alabama/orange-beach-holiday-inn.stream/playlist.m3u8,parsed,public_linkout,,candidate_new,,,0,https://thesurfersview.com/live-cams/alabama/orange-beach-cam-surf-report/,false,,AL,USA
https://thesurfersview.com/live-cams/alabama/orange-beach-web-cam/,Orange Beach Web Cam - The Surfers View,alabama,The Surfers View,,,parsed,public_linkout,,candidate_new,,,0,https://thesurfersview.com/live-cams/alabama/orange-beach-web-cam/,false,,AL,USA
https://thesurfersview.com/live-cams/australia/bonny-hills-surf-cam-beach-report/,Bonny Hills Surf Cam & Beach Report - The Surfers View,australia,The Surfers View,,,parsed,public_linkout,,candidate_new,,,0,https://thesurfersview.com/live-cams/australia/bonny-hills-surf-cam-beach-report/,false,,,Australia
https://thesurfersview.com/live-cams/australia/moana-surf-cam-beach-report/,Moana Surf Cam & Beach Report - The Surfers View,australia,The Surfers View,,,parsed,public_linkout,,candidate_new,,,0,https://thesurfersview.com/live-cams/australia/moana-surf-cam-beach-report/,false,,,Australia
https://thesurfersview.com/live-cams/california/campus-point-surf-cam/,Campus Point Surf Cam - The Surfers View,california,The Surfers View,,,parsed,public_linkout,,matched,8de2c2cf-2b8d-4a4e-8d5e-3e7b5d5c7d07,campus-point-ucsb-goleta-ca,0.92,https://thesurfersview.com/live-cams/california/campus-point-surf-cam/,false,,CA,USA
https://thesurfersview.com/live-cams/california/cayucos-beach-cam-and-surf-report/,Cayucos Beach Cam & Surf Report - The Surfers View,california,The Surfers View,,,parsed,public_linkout,,needs_review,1bd1a1f5-5c8a-4607-8d7b-0b8f0d2c9b02,cayucos-pier-south-cayucos-ca,0.86,https://thesurfersview.com/live-cams/california/cayucos-beach-cam-and-surf-report/,false,,CA,USA
https://thesurfersview.com/live-cams/california/el-porto-beach-cam-and-surf-report/,El Porto Beach Cam & Surf Report - The Surfers View,california,Coastal Camera Network,https://ccn-media.coastalcameranetwork.com/California/elporto.stream/latest.jpg,https://elporto.cdn.coastalcameranetwork.com/California/elporto.stream/index.m3u8,parsed,public_linkout,,matched,52879e4f-fc7f-4c02-a5e3-ea40b992ea80,el-porto-manhattan,0.92,https://thesurfersview.com/live-cams/california/el-porto-beach-cam-and-surf-report/,false,,CA,USA
https://thesurfersview.com/live-cams/california/hermosa-beach-cam-and-surf-report/,Hermosa Beach Cam and Surf Report - The Surfers View,california,Coastal Camera Network,https://cdn.target-video.com/live/partners/12647/snapshot/379063_sd_69fd4ae26153d_1778207458.jpg,https://hermosabeachnorth.cdn.coastalcameranetwork.com/ptzcamera/hermosapier/playlist.m3u8,parsed,public_linkout,,needs_review,326941d7-6c39-4e82-b045-941b156f7897,hermosa-beach-pier-hermosa-beach-ca,0.86,https://thesurfersview.com/live-cams/california/hermosa-beach-cam-and-surf-report/,false,,CA,USA
https://thesurfersview.com/live-cams/california/hermosa-beach-live-cam/,Hermosa Beach Live Cam - The Surfers View,california,Coastal Camera Network,https://cdn.target-video.com/live/partners/12647/snapshot/378204_sd_69fd4ae7186f7_1778207463.jpg,https://hermosabeachsouth.cdn.coastalcameranetwork.com/California/hermosabeachsouth.stream/index.m3u8,parsed,public_linkout,,needs_review,326941d7-6c39-4e82-b045-941b156f7897,hermosa-beach-pier-hermosa-beach-ca,0.86,https://thesurfersview.com/live-cams/california/hermosa-beach-live-cam/,false,,CA,USA
https://thesurfersview.com/live-cams/california/huntington-beach-cam-and-surf-report/,Huntington Beach Webcam & Surf Report - The Surfers View,california,The Surfers View,,,parsed,public_linkout,,needs_review,66ef3c08-a8a2-4cf1-9361-273489bac45b,goldenwest,0.86,https://thesurfersview.com/live-cams/california/huntington-beach-cam-and-surf-report/,false,,CA,USA
https://thesurfersview.com/live-cams/california/huntington-beach-pier-cam-north-surf-report/,Huntington Beach Cam & Surf Report - The Surfers View,california,The Surfers View,,,parsed,public_linkout,,needs_review,66ef3c08-a8a2-4cf1-9361-273489bac45b,goldenwest,0.86,https://thesurfersview.com/live-cams/california/huntington-beach-pier-cam-north-surf-report/,false,,CA,USA
https://thesurfersview.com/live-cams/california/huntington-beach-pier-cam-south-surf-report/,Huntington Beach Pier Cam & Surf Report - The Surfers View,california,The Surfers View,,,parsed,public_linkout,,matched,071db1df-b5ee-4af6-a022-ea8a09667cbe,huntington-beach-pier,1,https://thesurfersview.com/live-cams/california/huntington-beach-pier-cam-south-surf-report/,false,,CA,USA
https://thesurfersview.com/live-cams/california/los-angeles-beaches-and-surf-report/,Los Angeles Beach Cam & Surf Report - The Surfers View,california,Coastal Camera Network,https://cdn.target-video.com/live/partners/12647/snapshot/378077_sd_69fd4b40acdcd_1778207552.jpg,https://laoverview.cdn.coastalcameranetwork.com/ptzcamera/laoverview/index.m3u8,parsed,public_linkout,,needs_review,96fd7011-b894-4776-a68d-ff16fb1985d8,venice-breakwater-los-angeles-ca,0.86,https://thesurfersview.com/live-cams/california/los-angeles-beaches-and-surf-report/,false,,CA,USA
https://thesurfersview.com/live-cams/california/malibu-beach-cam-and-surf-report/,Malibu Beach Cam & Surf Report - The Surfers View,california,The Surfers View,,,parsed,public_linkout,,needs_review,71bdbe5a-67f6-429c-b1e4-80ec390ec4a3,county-line-malibu-ca,0.86,https://thesurfersview.com/live-cams/california/malibu-beach-cam-and-surf-report/,false,,CA,USA
https://thesurfersview.com/live-cams/california/mission-beach-san-diego-surf-cam-and-report/,Mission Beach San Diego Surf Cam & Report - The Surfers View,california,The Surfers View,,,parsed,public_linkout,,matched,c02b4ede-69d9-440e-b8de-22ea4bde10ef,mission-beach,0.92,https://thesurfersview.com/live-cams/california/mission-beach-san-diego-surf-cam-and-report/,false,,CA,USA
https://thesurfersview.com/live-cams/california/ocean-beach-san-diego-webcam-and-surf-report/,Ocean Beach Webcam & Surf Report - The Surfers View,california,Ocean Beach Hotel / HDRelay,,,parsed,licensed_resolve,User stated on 2026-05-29 that OB Hotel and The Surfers View authorized Quiver to resolve this camera stream; import stores the official OB Hotel page URL and resolves video at runtime.,matched,15c7337e-5258-4339-9dc3-c435c666926b,ocean-beach,1,https://www.obhotel.com/Webcam-Oceanbeach.php,false,,CA,USA
https://thesurfersview.com/live-cams/california/pacific-beach-san-diego-webcam-and-surf-report/,Pacific Beach Webcam & Surf Report - The Surfers View,california,The Surfers View,,,parsed,public_linkout,,needs_review,65809772-20bc-4009-b9b2-89c8ef3c4127,pacific-beach,1,https://thesurfersview.com/live-cams/california/pacific-beach-san-diego-webcam-and-surf-report/,false,,CA,USA
https://thesurfersview.com/live-cams/california/pacific-beach-surf-cam-and-beach-report/,Pacific Beach Surf Cam & Report - The Surfers View,california,Coastal Camera Network,https://ccn-media.coastalcameranetwork.com/California/pacificbeach.stream/latest.jpg,https://pacificbeach.cdn.coastalcameranetwork.com/California/pacificbeach.stream/index.m3u8,parsed,public_linkout,,needs_review,65809772-20bc-4009-b9b2-89c8ef3c4127,pacific-beach,1,https://thesurfersview.com/live-cams/california/pacific-beach-surf-cam-and-beach-report/,false,,CA,USA
https://thesurfersview.com/live-cams/california/pacifica-surf-cam-beach-report/,Pacifica Surf Cam Beach Report - The Surfers View,california,The Surfers View,,,parsed,public_linkout,,needs_review,f2cc331f-6569-40d9-a98b-9f50fb3da67f,linda-mar-pacifica-ca,0.86,https://thesurfersview.com/live-cams/california/pacifica-surf-cam-beach-report/,false,,CA,USA
https://thesurfersview.com/live-cams/california/point-arena-webcam-and-surf-report/,Point Arena Webcam and Surf Report - The Surfers View,california,Coastal Camera Network,https://ccn-media.coastalcameranetwork.com/ptzcamera/wharfside/latest.jpg,https://wharfside.cdn.coastalcameranetwork.com/ptzcamera/wharfside/index.m3u8,parsed,public_linkout,,matched,c778cc0a-2094-4649-84cd-4c38ce864f23,point-arena-manchester-beach-ca,0.92,https://thesurfersview.com/live-cams/california/point-arena-webcam-and-surf-report/,false,,CA,USA
https://thesurfersview.com/live-cams/california/salt-creek-beach-cam-and-surf-report/,Salt Creek Beach Cam & Surf Report - The Surfers View,california,Coastal Camera Network,https://ccn-media.coastalcameranetwork.com/California/saltcreek.stream/latest.jpg,https://saltcreek.cdn.coastalcameranetwork.com/California/saltcreek.stream/index.m3u8,parsed,public_linkout,,matched,73bb4a48-3d53-42ba-bbd0-d89a7cf95711,salt-creek,1,https://thesurfersview.com/live-cams/california/salt-creek-beach-cam-and-surf-report/,false,,CA,USA
https://thesurfersview.com/live-cams/california/san-clemente-beach-cam-surf-report/,San Clemente Beach Cam & Surf Report - The Surfers View,california,The Surfers View,,,parsed,public_linkout,,needs_review,047e61b4-b4a8-4042-a290-f2189b5a70ca,204s,0.86,https://thesurfersview.com/live-cams/california/san-clemente-beach-cam-surf-report/,false,,CA,USA
https://thesurfersview.com/live-cams/california/santa-monica-beach-cam-and-surf-report/,Santa Monica Beach Cam & Surf Report - The Surfers View,california,The Surfers View,,,parsed,public_linkout,,matched,29fefd13-7472-4ce8-9c3c-be3dabcbb233,santa-monica-beach-santa-monica-ca,1,https://thesurfersview.com/live-cams/california/santa-monica-beach-cam-and-surf-report/,false,,CA,USA
https://thesurfersview.com/live-cams/california/topanga-beach-cam-and-surf-report/,Topanga Beach Cam & Surf Report - The Surfers View,california,The Surfers View,https://thesurfersview.com/wp-content/uploads/2021/03/topanga-beach-cam.jpg,,parsed,public_linkout,,matched,101bd2f7-e1dc-4940-b4e3-3a820d5940dd,topanga-malibu-ca,1,https://thesurfersview.com/live-cams/california/topanga-beach-cam-and-surf-report/,false,,CA,USA
https://thesurfersview.com/live-cams/california/venice-beach-cam-and-surf-report/,Venice Beach Cam & Surf Report - The Surfers View,california,The Surfers View,,,parsed,public_linkout,,matched,11467f21-5a69-430d-9eb9-05a46cd39990,venice-beach-venice-ca,1,https://thesurfersview.com/live-cams/california/venice-beach-cam-and-surf-report/,false,,CA,USA
https://thesurfersview.com/live-cams/california/windansea-beach-cam-and-surf-report/,Windansea Beach Cam & Surf Report - The Surfers View,california,Coastal Camera Network,https://ccn-media.coastalcameranetwork.com/sunba/windansea/latest.jpg,https://windansea.cdn.coastalcameranetwork.com/sunba/windansea/index.m3u8,parsed,public_linkout,,matched,6f42d47d-215b-47cb-ac14-b83bf8c2a797,windansea,1,https://thesurfersview.com/live-cams/california/windansea-beach-cam-and-surf-report/,false,,CA,USA
https://thesurfersview.com/live-cams/costa-rica/tamarindo-beach-cam-and-surf-report/,Tamarindo Costa Rica Beach Cam & Surf Report - The Surfers View,costa-rica,The Surfers View,,,parsed,public_linkout,,candidate_new,,,0,https://thesurfersview.com/live-cams/costa-rica/tamarindo-beach-cam-and-surf-report/,false,,,Costa Rica
https://thesurfersview.com/live-cams/delaware/bethany-beach-cam-surf-report/,Bethany Beach Cam & Surf Report - The Surfers View,delaware,The Surfers View,,,parsed,public_linkout,,candidate_new,,,0,https://thesurfersview.com/live-cams/delaware/bethany-beach-cam-surf-report/,false,,DE,USA
https://thesurfersview.com/live-cams/delaware/bethany-beach-webcam/,Bethany Beach Webcam - The Surfers View,delaware,The Surfers View,,,parsed,public_linkout,,candidate_new,,,0,https://thesurfersview.com/live-cams/delaware/bethany-beach-webcam/,false,,DE,USA
https://thesurfersview.com/live-cams/delaware/dewey-beach-cam-and-surf-report/,Dewey Beach Cam & Surf Report - The Surfers View,delaware,The Surfers View,,,parsed,public_linkout,,candidate_new,,,0,https://thesurfersview.com/live-cams/delaware/dewey-beach-cam-and-surf-report/,false,,DE,USA
https://thesurfersview.com/live-cams/delaware/dewey-beach-webcam-and-surf-report/,Dewey Beach Webcam - The Surfers View,delaware,Coastal Camera Network,https://ccn-media.coastalcameranetwork.com/Delaware/deweybeach.stream/latest.jpg,https://deweybeach.cdn.coastalcameranetwork.com/Delaware/deweybeach.stream/index.m3u8,parsed,public_linkout,,candidate_new,,,0,https://thesurfersview.com/live-cams/delaware/dewey-beach-webcam-and-surf-report/,false,,DE,USA
https://thesurfersview.com/live-cams/delaware/rehoboth-beach-cam-and-surf-report/,Rehoboth Beach Cam & Surf Report - The Surfers View,delaware,The Surfers View,,,parsed,public_linkout,,candidate_new,,,0,https://thesurfersview.com/live-cams/delaware/rehoboth-beach-cam-and-surf-report/,false,,DE,USA
https://thesurfersview.com/live-cams/el-salvador/punta-roca-surf-cam-beach-report/,Punta Roca El Salvador Beach Cam - The Surfers View,el-salvador,The Surfers View,https://thesurfersview.com/wp-content/uploads/2021/04/punta-roca-surf-cam.jpg,,parsed,public_linkout,,candidate_new,,,0,https://thesurfersview.com/live-cams/el-salvador/punta-roca-surf-cam-beach-report/,false,,,El Salvador
https://thesurfersview.com/live-cams/florida/amelia-island-webcam-surf-report/,Amelia Island Webcam & Surf Report - The Surfers View,florida,Coastal Camera Network,https://ccn-media.coastalcameranetwork.com/Florida/ameliaisland.stream/latest.jpg,https://ameliaisland.cdn.coastalcameranetwork.com/Florida/ameliaisland.stream/index.m3u8,parsed,public_linkout,,candidate_new,,,0,https://thesurfersview.com/live-cams/florida/amelia-island-webcam-surf-report/,false,,FL,USA
https://thesurfersview.com/live-cams/florida/boca-grande-webcam/,Boca Grande Webcam - The Surfers View,florida,The Surfers View,,,parsed,public_linkout,,candidate_new,,,0,https://thesurfersview.com/live-cams/florida/boca-grande-webcam/,false,,FL,USA
https://thesurfersview.com/live-cams/florida/clearwater-beach-cam/,Clearwater Beach Cam - The Surfers View,florida,The Surfers View,,,parsed,public_linkout,,candidate_new,,,0,https://thesurfersview.com/live-cams/florida/clearwater-beach-cam/,false,,FL,USA
https://thesurfersview.com/live-cams/florida/cocoa-beach-pier-cam-and-surf-report/,Cocoa Beach Pier Cam & Surf Report - The Surfers View,florida,The Surfers View,,,parsed,public_linkout,,matched,99e50d6b-a1cf-458b-8fff-c199cd55b23c,cocoa-beach-pier-cocoa-beach-fl,1,https://thesurfersview.com/live-cams/florida/cocoa-beach-pier-cam-and-surf-report/,false,,FL,USA
https://thesurfersview.com/live-cams/florida/cocoa-beach-surf-cam/,Cocoa Beach Surf Cam - The Surfers View,florida,The Surfers View,,,parsed,public_linkout,,needs_review,99e50d6b-a1cf-458b-8fff-c199cd55b23c,cocoa-beach-pier-cocoa-beach-fl,0.86,https://thesurfersview.com/live-cams/florida/cocoa-beach-surf-cam/,false,,FL,USA
https://thesurfersview.com/live-cams/florida/dania-beach-cam-surf-report/,Dania Beach Cam & Surf Report - The Surfers View,florida,The Surfers View,,,parsed,public_linkout,,candidate_new,,,0,https://thesurfersview.com/live-cams/florida/dania-beach-cam-surf-report/,false,,FL,USA
https://thesurfersview.com/live-cams/florida/daytona-beach-cam/,Daytona Beach Cam - The Surfers View,florida,Coastal Camera Network,https://ccn-media.coastalcameranetwork.com/Florida/daytonabeach.stream/latest.jpg,https://daytonabeach.cdn.coastalcameranetwork.com/Florida/daytonabeach.stream/index.m3u8,parsed,public_linkout,,candidate_new,,,0,https://thesurfersview.com/live-cams/florida/daytona-beach-cam/,false,,FL,USA
https://thesurfersview.com/live-cams/florida/deerfield-beach-cam-and-surf-report/,Deerfield Beach Cam & Surf Report - The Surfers View,florida,The Surfers View,,,parsed,public_linkout,,needs_review,1bd4ef4d-eb8e-4833-8679-8a13095a97d6,deerfield-beach-pier-deerfield-beach-fl,0.86,https://thesurfersview.com/live-cams/florida/deerfield-beach-cam-and-surf-report/,false,,FL,USA
https://thesurfersview.com/live-cams/florida/delray-beach-cam-and-surf-report/,Delray Beach Cam & Surf Report - The Surfers View,florida,The Surfers View,,,parsed,public_linkout,,candidate_new,,,0,https://thesurfersview.com/live-cams/florida/delray-beach-cam-and-surf-report/,false,,FL,USA
https://thesurfersview.com/live-cams/florida/destin-beach-cam-and-surf-report/,Destin Beach Cam - The Surfers View,florida,Coastal Camera Network,https://ccn-media.coastalcameranetwork.com/Destin/destinfrontgulf.stream/latest.jpg,https://destinfrontgulf.cdn.coastalcameranetwork.com/Destin/destinfrontgulf.stream/index.m3u8,parsed,public_linkout,,candidate_new,,,0,https://thesurfersview.com/live-cams/florida/destin-beach-cam-and-surf-report/,false,,FL,USA
https://thesurfersview.com/live-cams/florida/destin-live-beach-cam/,Destin Live Beach Cam - The Surfers View,florida,Coastal Camera Network,https://ccn-media.coastalcameranetwork.com/Destin/destinislander.stream/latest.jpg,https://destinislander.cdn.coastalcameranetwork.com/Destin/destinislander.stream/index.m3u8,parsed,public_linkout,,candidate_new,,,0,https://thesurfersview.com/live-cams/florida/destin-live-beach-cam/,false,,FL,USA
https://thesurfersview.com/live-cams/florida/destin-surf-cam/,Destin Surf Cam - The Surfers View,florida,Coastal Camera Network,https://ccn-media.coastalcameranetwork.com/Destin/destineastpassjetties.stream/latest.jpg,https://destineastpassjetties.cdn.coastalcameranetwork.com/Destin/destineastpassjetties.stream/index.m3u8,parsed,public_linkout,,candidate_new,,,0,https://thesurfersview.com/live-cams/florida/destin-surf-cam/,false,,FL,USA
https://thesurfersview.com/live-cams/florida/fernandina-beach-cam-and-surf-report/,Fernandina Beach Cam & Surf Report - The Surfers View,florida,The Surfers View,,,parsed,public_linkout,,candidate_new,,,0,https://thesurfersview.com/live-cams/florida/fernandina-beach-cam-and-surf-report/,false,,FL,USA
https://thesurfersview.com/live-cams/florida/flagler-beach-cam-and-surf-report/,Flagler Beach Cam & Surf Report - The Surfers View,florida,The Surfers View,,,parsed,public_linkout,,matched,9ca1fa2f-2b90-4aa3-8784-48721e5463bb,flagler-beach-flagler-beach-fl,1,https://thesurfersview.com/live-cams/florida/flagler-beach-cam-and-surf-report/,false,,FL,USA
https://thesurfersview.com/live-cams/florida/florida-keys-webcam/,Florida Keys Webcam - The Surfers View,florida,The Surfers View,,,parsed,public_linkout,,candidate_new,,,0,https://thesurfersview.com/live-cams/florida/florida-keys-webcam/,false,,FL,USA
https://thesurfersview.com/live-cams/florida/fort-lauderdale-live-cam/,Fort Lauderdale Live Cam - The Surfers View,florida,The Surfers View,,,parsed,public_linkout,,candidate_new,,,0,https://thesurfersview.com/live-cams/florida/fort-lauderdale-live-cam/,false,,FL,USA
https://thesurfersview.com/live-cams/florida/fort-lauderdale-webcam-surf-report/,Fort Lauderdale Webcam & Surf Report - The Surfers View,florida,The Surfers View,,,parsed,public_linkout,,candidate_new,,,0,https://thesurfersview.com/live-cams/florida/fort-lauderdale-webcam-surf-report/,false,,FL,USA
https://thesurfersview.com/live-cams/florida/fort-walton-beach-cam-and-surf-report/,Fort Walton Beach Cam and Surf Report - The Surfers View,florida,The Surfers View,,,parsed,public_linkout,,candidate_new,,,0,https://thesurfersview.com/live-cams/florida/fort-walton-beach-cam-and-surf-report/,false,,FL,USA
https://thesurfersview.com/live-cams/florida/hollywood-beach-cam-surf-report/,Hollywood Beach Cam & Surf Report - The Surfers View,florida,The Surfers View,,,parsed,public_linkout,,candidate_new,,,0,https://thesurfersview.com/live-cams/florida/hollywood-beach-cam-surf-report/,false,,FL,USA
https://thesurfersview.com/live-cams/florida/indian-rocks-webcam/,Indian Rocks Webcam - The Surfers View,florida,The Surfers View,,,parsed,public_linkout,,candidate_new,,,0,https://thesurfersview.com/live-cams/florida/indian-rocks-webcam/,false,,FL,USA
https://thesurfersview.com/live-cams/florida/jacksonville-beach-pier-webcam-and-surf-report/,Jacksonville Beach Webcam & Surf Report - The Surfers View,florida,The Surfers View,,,parsed,public_linkout,,needs_review,a4472f56-626e-4905-b909-5f1dc27174a9,jacksonville-beach-pier-jacksonville-beach-fl,0.86,https://thesurfersview.com/live-cams/florida/jacksonville-beach-pier-webcam-and-surf-report/,false,,FL,USA
https://thesurfersview.com/live-cams/florida/jensen-beach-surf-cam/,Jensen Beach Surf Cam - The Surfers View,florida,Coastal Camera Network,https://ccn-media.coastalcameranetwork.com/sunba/jensenbeachFL/latest.jpg,https://jensenbeachFL.cdn.coastalcameranetwork.com/sunba/jensenbeachFL/index.m3u8,parsed,public_linkout,,candidate_new,,,0,https://thesurfersview.com/live-cams/florida/jensen-beach-surf-cam/,false,,FL,USA
https://thesurfersview.com/live-cams/florida/jupiter-beach-cam-and-surf-report/,Jupiter Beach Cam & Surf Report - The Surfers View,florida,The Surfers View,,,parsed,public_linkout,,candidate_new,,,0,https://thesurfersview.com/live-cams/florida/jupiter-beach-cam-and-surf-report/,false,,FL,USA
https://thesurfersview.com/live-cams/florida/lauderdale-by-the-sea-beach-cam-and-surf-report/,Lauderdale-By-The-Sea Beach Cam & Surf Report - The Surfers View,florida,The Surfers View,,,parsed,public_linkout,,candidate_new,,,0,https://thesurfersview.com/live-cams/florida/lauderdale-by-the-sea-beach-cam-and-surf-report/,false,,FL,USA
https://thesurfersview.com/live-cams/florida/melbourne-beach-cam-and-surf-report/,Melbourne Beach Cam & Surf Report - The Surfers View,florida,The Surfers View,,,parsed,public_linkout,,needs_review,d0f77b47-ec94-4188-8dde-d52a10b7be49,sebastian-inlet-melbourne-beach-fl,0.86,https://thesurfersview.com/live-cams/florida/melbourne-beach-cam-and-surf-report/,false,,FL,USA
https://thesurfersview.com/live-cams/florida/miami-beach-cam-surf-report/,Miami Beach Cam & Surf Report - The Surfers View,florida,The Surfers View,,,parsed,public_linkout,,needs_review,55cc5dfa-6963-4e17-abfd-d2022a2dcd36,south-beach-miami-beach-fl,0.86,https://thesurfersview.com/live-cams/florida/miami-beach-cam-surf-report/,false,,FL,USA
https://thesurfersview.com/live-cams/florida/new-smyrna-beach-cam-surf-report/,New Smyrna Beach Cam & Surf Report - The Surfers View,florida,The Surfers View,,,parsed,public_linkout,,needs_review,f5eec6e8-844a-41be-b3bf-4c47e0615545,new-smyrna-beach-nsb-inlet-new-smyrna-beach-fl,0.86,https://thesurfersview.com/live-cams/florida/new-smyrna-beach-cam-surf-report/,false,,FL,USA
https://thesurfersview.com/live-cams/florida/ormond-beach-cam-surf-report/,Ormond Beach Cam & Surf Report - The Surfers View,florida,The Surfers View,,,parsed,public_linkout,,candidate_new,,,0,https://thesurfersview.com/live-cams/florida/ormond-beach-cam-surf-report/,false,,FL,USA
https://thesurfersview.com/live-cams/florida/panama-city-beach-cam-surf-report/,Panama City Beach Cam & Surf Report - The Surfers View,florida,Coastal Camera Network,https://cdn.target-video.com/live/partners/12647/snapshot/680517_sd_69fd2d3b8d735_1778199867.jpg,https://panamacity.cdn.coastalcameranetwork.com/Florida/panamacity.stream/index.m3u8,parsed,public_linkout,,candidate_new,,,0,https://thesurfersview.com/live-cams/florida/panama-city-beach-cam-surf-report/,false,,FL,USA
https://thesurfersview.com/live-cams/florida/panama-city-webcam-and-surf-report/,Panama City Webcam & Surf Report - The Surfers View,florida,Coastal Camera Network,https://cdn.target-video.com/live/partners/12647/snapshot/788284_sd_69fd2d2cba20b_1778199852.jpg,https://bikinibeach.cdn.coastalcameranetwork.com/Florida/bikinibeach.stream/index.m3u8,parsed,public_linkout,,candidate_new,,,0,https://thesurfersview.com/live-cams/florida/panama-city-webcam-and-surf-report/,false,,FL,USA
https://thesurfersview.com/live-cams/florida/pensacola-beach-cam-surf-report/,Pensacola Beach Cam & Surf Report - The Surfers View,florida,Coastal Camera Network,https://ccn-media.coastalcameranetwork.com/sunba/pensacola/latest.jpg,https://pensacolaFL.cdn.coastalcameranetwork.com/sunba/pensacola/index.m3u8,parsed,public_linkout,,needs_review,3433ea8e-6528-4c18-8b16-c830bf642568,pensacola-pier-pensacola-beach-fl,0.86,https://thesurfersview.com/live-cams/florida/pensacola-beach-cam-surf-report/,false,,FL,USA
https://thesurfersview.com/live-cams/florida/pensacola-beach-webcam-and-surf-report/,Pensacola Beach Webcam & Surf Report - The Surfers View,florida,The Surfers View,,,parsed,public_linkout,,needs_review,3433ea8e-6528-4c18-8b16-c830bf642568,pensacola-pier-pensacola-beach-fl,0.86,https://thesurfersview.com/live-cams/florida/pensacola-beach-webcam-and-surf-report/,false,,FL,USA
https://thesurfersview.com/live-cams/florida/pensacola-surf-cam/,Pensacola Surf Cam - The Surfers View,florida,Coastal Camera Network,https://ccn-media.coastalcameranetwork.com/Florida/pensacolasurf.stream/latest.jpg,https://pensacolasurf.cdn.coastalcameranetwork.com/Florida/pensacolasurf.stream/index.m3u8,parsed,public_linkout,,needs_review,3433ea8e-6528-4c18-8b16-c830bf642568,pensacola-pier-pensacola-beach-fl,0.86,https://thesurfersview.com/live-cams/florida/pensacola-surf-cam/,false,,FL,USA
https://thesurfersview.com/live-cams/florida/pompano-beach-cam-surf-report/,Pompano Beach Cam - The Surfers View,florida,Coastal Camera Network,https://ccn-media.coastalcameranetwork.com/Florida/pompanobeach.stream/latest.jpg,https://pompanobeach.cdn.coastalcameranetwork.com/Florida/pompanobeach.stream/index.m3u8,parsed,public_linkout,,candidate_new,,,0,https://thesurfersview.com/live-cams/florida/pompano-beach-cam-surf-report/,false,,FL,USA
https://thesurfersview.com/live-cams/florida/ponte-vedra-beach-cam/,Ponte Vedra Beach Cam - The Surfers View,florida,Coastal Camera Network,https://ccn-media.coastalcameranetwork.com/Florida/sawgrass.stream/latest.jpg,https://sawgrass.cdn.coastalcameranetwork.com/Florida/sawgrass.stream/index.m3u8,parsed,public_linkout,,candidate_new,,,0,https://thesurfersview.com/live-cams/florida/ponte-vedra-beach-cam/,false,,FL,USA
https://thesurfersview.com/live-cams/florida/sandestin-webcam-surf-report/,Sandestin Webcam & Surf Report - The Surfers View,florida,The Surfers View,,,parsed,public_linkout,,candidate_new,,,0,https://thesurfersview.com/live-cams/florida/sandestin-webcam-surf-report/,false,,FL,USA
https://thesurfersview.com/live-cams/florida/st-augustine-webcam-and-surf-report/,St. Augustine Webcam & Surf Report - The Surfers View,florida,The Surfers View,,,parsed,public_linkout,,candidate_new,,,0,https://thesurfersview.com/live-cams/florida/st-augustine-webcam-and-surf-report/,false,,FL,USA
https://thesurfersview.com/live-cams/florida/st-george-island-beach-cam-surf-report/,St George Island Beach Cam & Surf Report - The Surfers View,florida,Coastal Camera Network,https://ccn-media.coastalcameranetwork.com/Florida/stgeorgelighthouse.stream/latest.jpg,https://stgeorgelighthouse.cdn.coastalcameranetwork.com/Florida/stgeorgelighthouse.stream/index.m3u8,parsed,public_linkout,,candidate_new,,,0,https://thesurfersview.com/live-cams/florida/st-george-island-beach-cam-surf-report/,false,,FL,USA
https://thesurfersview.com/live-cams/hawaii/maliko-bay-surf-cam/,Maliko Bay Surf Cam - The Surfers View,hawaii,Coastal Camera Network,https://ccn-media.coastalcameranetwork.com/Hawaii/silverbackhawaii.stream/latest.jpg,https://malikobay.cdn.coastalcameranetwork.com/Hawaii/silverbackhawaii.stream/index.m3u8,parsed,public_linkout,,candidate_new,,,0,https://thesurfersview.com/live-cams/hawaii/maliko-bay-surf-cam/,false,,HI,USA
https://thesurfersview.com/live-cams/hawaii/pipeline-surf-report-and-beach-cam/,Pipeline Surf Report & Beach Cam - The Surfers View,hawaii,The Surfers View,,,parsed,public_linkout,,matched,6a0674ac-3e6d-49f3-9fd4-a4f1857c408a,pipeline,1,https://thesurfersview.com/live-cams/hawaii/pipeline-surf-report-and-beach-cam/,false,,HI,USA
https://thesurfersview.com/live-cams/hawaii/turtle-bay-beach-cam-east-and-surf-report/,Turtle Bay Beach Cam East & Surf Report - The Surfers View,hawaii,The Surfers View,https://thesurfersview.com/wp-content/uploads/2021/03/turtle-bay-surf-report.jpg,,parsed,public_linkout,,candidate_new,,,0,https://thesurfersview.com/live-cams/hawaii/turtle-bay-beach-cam-east-and-surf-report/,false,,HI,USA
https://thesurfersview.com/live-cams/hawaii/turtle-bay-beach-cam-west-and-surf-report/,Turtle Bay Beach Cam West & Surf Report - The Surfers View,hawaii,The Surfers View,https://thesurfersview.com/wp-content/uploads/2021/03/turtle-bay-surf-cam.jpg,,parsed,public_linkout,,candidate_new,,,0,https://thesurfersview.com/live-cams/hawaii/turtle-bay-beach-cam-west-and-surf-report/,false,,HI,USA
https://thesurfersview.com/live-cams/hawaii/waikiki-beach-cam-surf-report/,Waikiki Beach Cam and Surf Report - The Surfers View,hawaii,The Surfers View,,,parsed,public_linkout,,matched,846ccff8-0e26-41f3-8496-5c5221109c6c,waikiki-beach,1,https://thesurfersview.com/live-cams/hawaii/waikiki-beach-cam-surf-report/,false,,HI,USA
https://thesurfersview.com/live-cams/hawaii/waimea-bay-surf-report-and-beach-cam/,Waimea Bay Surf Report & Beach Cam - The Surfers View,hawaii,The Surfers View,,,parsed,public_linkout,,matched,12431285-b73c-48e4-99b3-731594f6f98c,waimea-bay,1,https://thesurfersview.com/live-cams/hawaii/waimea-bay-surf-report-and-beach-cam/,false,,HI,USA
https://thesurfersview.com/live-cams/maine/higgins-beach-cam-surf-report/,Higgins Beach Cam & Surf Report - The Surfers View,maine,The Surfers View,,,parsed,public_linkout,,matched,adcd7128-424e-46d3-b8d1-f3aad6dd5edb,higgins-beach-scarborough-me,1,https://thesurfersview.com/live-cams/maine/higgins-beach-cam-surf-report/,false,,ME,USA
https://thesurfersview.com/live-cams/maine/kennebunk-beach-cam-surf-report/,Kennebunk Beach Cam & Surf Report - The Surfers View,maine,The Surfers View,,,parsed,public_linkout,,candidate_new,,,0,https://thesurfersview.com/live-cams/maine/kennebunk-beach-cam-surf-report/,false,,ME,USA
https://thesurfersview.com/live-cams/maine/marginal-way-webcam/,Marginal Way Webcam - The Surfers View,maine,The Surfers View,,,parsed,public_linkout,,candidate_new,,,0,https://thesurfersview.com/live-cams/maine/marginal-way-webcam/,false,,ME,USA
https://thesurfersview.com/live-cams/maine/scarborough-beach-cam-surf-report/,Scarborough Beach Cam & Surf Report - The Surfers View,maine,The Surfers View,,,parsed,public_linkout,,matched,a1566585-0143-4a1d-983f-c7fd195c5e55,scarborough-beach-scarborough-me,1,https://thesurfersview.com/live-cams/maine/scarborough-beach-cam-surf-report/,false,,ME,USA
https://thesurfersview.com/live-cams/maine/york-beach-cam-surf-report/,York Beach Cam & Surf Report - The Surfers View,maine,The Surfers View,,,parsed,public_linkout,,candidate_new,,,0,https://thesurfersview.com/live-cams/maine/york-beach-cam-surf-report/,false,,ME,USA
https://thesurfersview.com/live-cams/massachusetts/bank-street-beach-cam-surf-report/,Bank Street Beach Cam & Surf Report - The Surfers View,massachusetts,The Surfers View,,,parsed,public_linkout,,candidate_new,,,0,https://thesurfersview.com/live-cams/massachusetts/bank-street-beach-cam-surf-report/,false,,MA,USA
https://thesurfersview.com/live-cams/massachusetts/cape-cod-webcam-surf-report/,Cape Cod Webcam & Surf Report - The Surfers View,massachusetts,The Surfers View,,,parsed,public_linkout,,candidate_new,,,0,https://thesurfersview.com/live-cams/massachusetts/cape-cod-webcam-surf-report/,false,,MA,USA
https://thesurfersview.com/live-cams/massachusetts/nahant-surf-cam-beach-report/,Nahant Surf Cam - The Surfers View,massachusetts,The Surfers View,,,parsed,public_linkout,,candidate_new,,,0,https://thesurfersview.com/live-cams/massachusetts/nahant-surf-cam-beach-report/,false,,MA,USA
https://thesurfersview.com/live-cams/massachusetts/north-falmouth-beach-cam-surf-report/,North Falmouth Beach Cam & Surf Report - The Surfers View,massachusetts,The Surfers View,,,parsed,public_linkout,,candidate_new,,,0,https://thesurfersview.com/live-cams/massachusetts/north-falmouth-beach-cam-surf-report/,false,,MA,USA
https://thesurfersview.com/live-cams/massachusetts/salisbury-beach-cam-surf-report/,Salisbury Beach Cam & Surf Report - The Surfers View,massachusetts,The Surfers View,,,parsed,public_linkout,,candidate_new,,,0,https://thesurfersview.com/live-cams/massachusetts/salisbury-beach-cam-surf-report/,false,,MA,USA
https://thesurfersview.com/live-cams/mexico/cerritos-beach-cam-and-surf-report/,Cerritos Beach Cam - The Surfers View,mexico,Coastal Camera Network,https://ccn-media.coastalcameranetwork.com/ptzcamera/cerritosmex/latest.jpg,https://cerritos.cdn.coastalcameranetwork.com/ptzcamera/cerritosmex/index.m3u8,parsed,public_linkout,,candidate_new,,,0,https://thesurfersview.com/live-cams/mexico/cerritos-beach-cam-and-surf-report/,false,,,Mexico
https://thesurfersview.com/live-cams/mexico/playa-del-carmen-beach-cam/,Playa Del Carmen Beach Cam - The Surfers View,mexico,Coastal Camera Network,https://cdn.target-video.com/live/partners/12647/snapshot/1128805_sd_69fd361940445_1778202137.jpg,https://playadelcarmen.cdn.coastalcameranetwork.com/ptzcamera/playadelcarmen/index.m3u8,parsed,public_linkout,,candidate_new,,,0,https://thesurfersview.com/live-cams/mexico/playa-del-carmen-beach-cam/,false,,,Mexico
https://thesurfersview.com/live-cams/mexico/sayulita-webcam-and-surf-report/,Sayulita Webcam - The Surfers View,mexico,Coastal Camera Network,https://ccn-media.coastalcameranetwork.com/ptzcamera/sayulita/latest.jpg,https://sayulita.cdn.coastalcameranetwork.com/ptzcamera/sayulita/index.m3u8,parsed,public_linkout,,candidate_new,,,0,https://thesurfersview.com/live-cams/mexico/sayulita-webcam-and-surf-report/,false,,,Mexico
https://thesurfersview.com/live-cams/new-hampshire/hampton-beach-cam-surf-report/,Hampton Beach Cam & Surf Report - The Surfers View,new-hampshire,The Surfers View,,,parsed,public_linkout,,needs_review,8160745c-6322-45b0-8bad-81319574008b,hampton-beach-hampton-nh,1,https://thesurfersview.com/live-cams/new-hampshire/hampton-beach-cam-surf-report/,false,,NH,USA
https://thesurfersview.com/live-cams/new-hampshire/jenness-beach-surf-cam-report/,Jenness Beach Surf Cam & Report - The Surfers View,new-hampshire,The Surfers View,,,parsed,public_linkout,,candidate_new,,,0,https://thesurfersview.com/live-cams/new-hampshire/jenness-beach-surf-cam-report/,false,,NH,USA
https://thesurfersview.com/live-cams/new-hampshire/north-hampton-beach-cam-surf-report/,North Hampton Beach Cam & Surf Report - The Surfers View,new-hampshire,The Surfers View,,,parsed,public_linkout,,needs_review,8160745c-6322-45b0-8bad-81319574008b,hampton-beach-hampton-nh,0.92,https://thesurfersview.com/live-cams/new-hampshire/north-hampton-beach-cam-surf-report/,false,,NH,USA
https://thesurfersview.com/live-cams/new-hampshire/rye-jenness-beach-cam-surf-report/,Rye Beach Cam - The Surfers View,new-hampshire,The Surfers View,,,parsed,public_linkout,,candidate_new,,,0,https://thesurfersview.com/live-cams/new-hampshire/rye-jenness-beach-cam-surf-report/,false,,NH,USA
https://thesurfersview.com/live-cams/new-jersey/atlantic-city-beach-cam-and-surf-report/,Atlantic City Beach Cam & Surf Report - The Surfers View,new-jersey,The Surfers View,,,parsed,public_linkout,,candidate_new,,,0,https://thesurfersview.com/live-cams/new-jersey/atlantic-city-beach-cam-and-surf-report/,false,,NJ,USA
https://thesurfersview.com/live-cams/new-jersey/avalon-beach-cam-and-surf-report/,Avalon Beach Cam & Surf Report - The Surfers View,new-jersey,The Surfers View,,,parsed,public_linkout,,candidate_new,,,0,https://thesurfersview.com/live-cams/new-jersey/avalon-beach-cam-and-surf-report/,false,,NJ,USA
https://thesurfersview.com/live-cams/new-jersey/bay-head-beach-cam-and-surf-report/,Bay Head Beach Cam & Surf Report - The Surfers View,new-jersey,Coastal Camera Network,https://cdn.target-video.com/live/partners/12647/snapshot/376061_sd_69fd4b7d20fec_1778207613.jpg,https://bayhead.cdn.coastalcameranetwork.com/ptzcamera/bayhead/index.m3u8,parsed,public_linkout,,matched,b9627a2a-493e-467f-9521-9081b47512cc,bay-head-beach-bay-head-nj,1,https://thesurfersview.com/live-cams/new-jersey/bay-head-beach-cam-and-surf-report/,false,,NJ,USA
https://thesurfersview.com/live-cams/new-jersey/beach-haven-lbi-beach-cam-and-surf-report/,Beach Haven LBI Cam & Surf Report - The Surfers View,new-jersey,The Surfers View,,,parsed,public_linkout,,candidate_new,,,0,https://thesurfersview.com/live-cams/new-jersey/beach-haven-lbi-beach-cam-and-surf-report/,false,,NJ,USA
https://thesurfersview.com/live-cams/new-jersey/belmar-beach-cam-and-surf-report/,Belmar Beach Cam & Surf Report - The Surfers View,new-jersey,Coastal Camera Network,https://ccn-media.coastalcameranetwork.com/New_Jersey/easternlinesbelmar.stream/latest.jpg,https://belmar.cdn.coastalcameranetwork.com/New_Jersey/easternlinesbelmar.stream/index.m3u8,parsed,public_linkout,,needs_review,fb0ee60f-a269-47ed-b244-e8dc64fff891,belmar-belmar-nj,1,https://thesurfersview.com/live-cams/new-jersey/belmar-beach-cam-and-surf-report/,false,,NJ,USA
https://thesurfersview.com/live-cams/new-jersey/brigantine-beach-cam-and-surf-report/,Brigantine Beach Cam & Surf Report - The Surfers View,new-jersey,The Surfers View,,,parsed,public_linkout,,candidate_new,,,0,https://thesurfersview.com/live-cams/new-jersey/brigantine-beach-cam-and-surf-report/,false,,NJ,USA
https://thesurfersview.com/live-cams/new-jersey/cape-may-beach-cam-and-surf-report/,Cape May Beach Cam & Surf Report - The Surfers View,new-jersey,Coastal Camera Network,https://ccn-media.coastalcameranetwork.com/New_Jersey/capemaycabanas.stream/latest.jpg,https://capemaycabanas.cdn.coastalcameranetwork.com/New_Jersey/capemaycabanas.stream/index.m3u8,parsed,public_linkout,,needs_review,ef5d9f02-6dfa-4513-92c2-c158dc8c17b5,broadway-beach-cape-may-nj,0.86,https://thesurfersview.com/live-cams/new-jersey/cape-may-beach-cam-and-surf-report/,false,,NJ,USA
https://thesurfersview.com/live-cams/new-jersey/deal-beach-cam-and-surf-report/,Deal Beach Cam - The Surfers View,new-jersey,Coastal Camera Network,https://ccn-media.coastalcameranetwork.com/New_Jersey2/dealcasino.stream/latest.jpg,https://dealcasino.cdn.coastalcameranetwork.com/New_Jersey2/dealcasino.stream/index.m3u8,parsed,public_linkout,,candidate_new,,,0,https://thesurfersview.com/live-cams/new-jersey/deal-beach-cam-and-surf-report/,false,,NJ,USA
https://thesurfersview.com/live-cams/new-jersey/donovans-reef-sea-bright-beach-cam/,Donovan's Reef Sea Bright Beach Cam - The Surfers View,new-jersey,Coastal Camera Network,https://ccn-media.coastalcameranetwork.com/New_Jersey/donovans.stream/latest.jpg,https://donovans.cdn.coastalcameranetwork.com/New_Jersey/donovans.stream/index.m3u8,parsed,public_linkout,,candidate_new,,,0,https://thesurfersview.com/live-cams/new-jersey/donovans-reef-sea-bright-beach-cam/,false,,NJ,USA
https://thesurfersview.com/live-cams/new-jersey/dover-beaches-nj-cam-and-surf-report/,Dover Beaches NJ Cam - The Surfers View,new-jersey,Coastal Camera Network,https://ccn-media.coastalcameranetwork.com/New_Jersey/lavallettenorth.stream/latest.jpg,https://lavallettenorth.cdn.coastalcameranetwork.com/New_Jersey/lavallettenorth.stream/index.m3u8,parsed,public_linkout,,candidate_new,,,0,https://thesurfersview.com/live-cams/new-jersey/dover-beaches-nj-cam-and-surf-report/,false,,NJ,USA
https://thesurfersview.com/live-cams/new-jersey/harvey-cedars-lbi-beach-cam-and-surf-report/,Harvey Cedars LBI Beach Cam & Surf Report - The Surfers View,new-jersey,The Surfers View,,,parsed,public_linkout,,candidate_new,,,0,https://thesurfersview.com/live-cams/new-jersey/harvey-cedars-lbi-beach-cam-and-surf-report/,false,,NJ,USA
https://thesurfersview.com/live-cams/new-jersey/lavallette-beach-cam-and-surf-report/,Lavallette Beach Cam & Surf Report - The Surfers View,new-jersey,The Surfers View,,,parsed,public_linkout,,candidate_new,,,0,https://thesurfersview.com/live-cams/new-jersey/lavallette-beach-cam-and-surf-report/,false,,NJ,USA
https://thesurfersview.com/live-cams/new-jersey/lavallette-nj-beach-cam/,Lavallette NJ Beach Cam - The Surfers View,new-jersey,Coastal Camera Network,https://ccn-media.coastalcameranetwork.com/sunba/lavallettesouth/latest.jpg,https://lavallettesouth.cdn.coastalcameranetwork.com/sunba/lavallettesouth/index.m3u8,parsed,public_linkout,,candidate_new,,,0,https://thesurfersview.com/live-cams/new-jersey/lavallette-nj-beach-cam/,false,,NJ,USA
https://thesurfersview.com/live-cams/new-jersey/long-branch-beach-cam-and-surf-report/,Long Branch Beach Cam - The Surfers View,new-jersey,The Surfers View,,,parsed,public_linkout,,matched,f84767c3-4c79-42ed-9e77-2351ab80d20e,long-branch-long-branch-nj,1,https://thesurfersview.com/live-cams/new-jersey/long-branch-beach-cam-and-surf-report/,false,,NJ,USA
https://thesurfersview.com/live-cams/new-jersey/longport-beach-cam-surf-report/,Longport Beach Cam - The Surfers View,new-jersey,The Surfers View,,,parsed,public_linkout,,candidate_new,,,0,https://thesurfersview.com/live-cams/new-jersey/longport-beach-cam-surf-report/,false,,NJ,USA
https://thesurfersview.com/live-cams/new-jersey/manasquan-beach-cam-and-surf-report/,Manasquan Beach Cam & Surf Report - The Surfers View,new-jersey,Coastal Camera Network,https://ccn-media.coastalcameranetwork.com/sunba/manasquan/latest.jpg,https://manasquan.cdn.coastalcameranetwork.com/sunba/manasquan/index.m3u8,parsed,public_linkout,,needs_review,fb4fa0e0-328c-442b-b17a-82f95fbb6af5,manasquan-inlet-manasquan-nj,0.86,https://thesurfersview.com/live-cams/new-jersey/manasquan-beach-cam-and-surf-report/,false,,NJ,USA
https://thesurfersview.com/live-cams/new-jersey/margate-beach-cam-surf-report/,Margate Beach Cam & Surf Report - The Surfers View,new-jersey,The Surfers View,,,parsed,public_linkout,,candidate_new,,,0,https://thesurfersview.com/live-cams/new-jersey/margate-beach-cam-surf-report/,false,,NJ,USA
https://thesurfersview.com/live-cams/new-jersey/monmouth-beach-cam-and-surf-report/,Monmouth Beach Cam & Surf Report - The Surfers View,new-jersey,Coastal Camera Network,https://ccn-media.coastalcameranetwork.com/sunba/monmouthbeachnj/latest.jpg,https://monmouthbeachnj.cdn.coastalcameranetwork.com/sunba/monmouthbeachnj/index.m3u8,parsed,public_linkout,,candidate_new,,,0,https://thesurfersview.com/live-cams/new-jersey/monmouth-beach-cam-and-surf-report/,false,,NJ,USA
https://thesurfersview.com/live-cams/new-jersey/monmouth-beach-webcam-and-surf-report/,Monmouth Beach Webcam & Surf Report - The Surfers View,new-jersey,The Surfers View,,,parsed,public_linkout,,candidate_new,,,0,https://thesurfersview.com/live-cams/new-jersey/monmouth-beach-webcam-and-surf-report/,false,,NJ,USA
https://thesurfersview.com/live-cams/new-jersey/ocean-city-beach-cam-and-surf-report/,Ocean City Beach Cam and Surf Report - The Surfers View,new-jersey,The Surfers View,,,parsed,public_linkout,,needs_review,f7ebea96-dc6c-4a32-b881-9969cce2f986,1st-street-jetty-ocean-city-nj,0.86,https://thesurfersview.com/live-cams/new-jersey/ocean-city-beach-cam-and-surf-report/,false,,NJ,USA
https://thesurfersview.com/live-cams/new-jersey/ocean-city-cam-surf-report/,Ocean City Cam & Surf Report - The Surfers View,new-jersey,The Surfers View,,,parsed,public_linkout,,needs_review,f7ebea96-dc6c-4a32-b881-9969cce2f986,1st-street-jetty-ocean-city-nj,0.86,https://thesurfersview.com/live-cams/new-jersey/ocean-city-cam-surf-report/,false,,NJ,USA
https://thesurfersview.com/live-cams/new-jersey/ocean-city-webcam-and-surf-report/,Ocean City Webcam & Surf Report - The Surfers View,new-jersey,The Surfers View,,,parsed,public_linkout,,needs_review,f7ebea96-dc6c-4a32-b881-9969cce2f986,1st-street-jetty-ocean-city-nj,0.86,https://thesurfersview.com/live-cams/new-jersey/ocean-city-webcam-and-surf-report/,false,,NJ,USA
https://thesurfersview.com/live-cams/new-jersey/ortley-beach-cam-and-surf-report/,Ortley Beach Cam & Surf Report - The Surfers View,new-jersey,The Surfers View,,,parsed,public_linkout,,matched,f7d5b137-3950-43ce-891a-0c6ef8917dfd,ortley-beach-toms-river-nj,1,https://thesurfersview.com/live-cams/new-jersey/ortley-beach-cam-and-surf-report/,false,,NJ,USA
https://thesurfersview.com/live-cams/new-jersey/playa-bowls-belmar-surf-cam/,Playa Bowls Belmar Surf Cam - The Surfers View,new-jersey,Coastal Camera Network,https://cdn.target-video.com/live/partners/12647/snapshot/519759_sd_69fd420bbe8a1_1778205195.jpg,https://playabowlsbelmar.cdn.coastalcameranetwork.com/ptzcamera/playabowlsbelmar/index.m3u8,parsed,public_linkout,,needs_review,fb0ee60f-a269-47ed-b244-e8dc64fff891,belmar-belmar-nj,0.92,https://thesurfersview.com/live-cams/new-jersey/playa-bowls-belmar-surf-cam/,false,,NJ,USA
https://thesurfersview.com/live-cams/new-jersey/sea-bright-beach-cam-and-surf-report/,Sea Bright Beach Cam and Surf Report - The Surfers View,new-jersey,Coastal Camera Network,https://ccn-media.coastalcameranetwork.com/sunba/seabrightNJ/latest.jpg,https://seabrightNJ.cdn.coastalcameranetwork.com/sunba/seabrightNJ/index.m3u8,parsed,public_linkout,,candidate_new,,,0,https://thesurfersview.com/live-cams/new-jersey/sea-bright-beach-cam-and-surf-report/,false,,NJ,USA
https://thesurfersview.com/live-cams/new-jersey/sea-girt-beach-cam-and-surf-report/,Sea Girt Beach Cam & Surf Report - The Surfers View,new-jersey,The Surfers View,,,parsed,public_linkout,,candidate_new,,,0,https://thesurfersview.com/live-cams/new-jersey/sea-girt-beach-cam-and-surf-report/,false,,NJ,USA
https://thesurfersview.com/live-cams/new-jersey/sea-girt-live-cam-and-surf-report/,Sea Girt Live Cam - The Surfers View,new-jersey,Coastal Camera Network,https://ccn-media.coastalcameranetwork.com/New_Jersey/seagirt-north.stream/latest.jpg,https://seagirtnorth.cdn.coastalcameranetwork.com/New_Jersey/seagirt-north.stream/index.m3u8,parsed,public_linkout,,candidate_new,,,0,https://thesurfersview.com/live-cams/new-jersey/sea-girt-live-cam-and-surf-report/,false,,NJ,USA
https://thesurfersview.com/live-cams/new-jersey/sea-girt-surf-cam/,Sea Girt Surf Cam - The Surfers View,new-jersey,Coastal Camera Network,https://ccn-media.coastalcameranetwork.com/New_Jersey/seagirtsouth.stream/latest.jpg,https://seagirtsouth.cdn.coastalcameranetwork.com/New_Jersey/seagirtsouth.stream/index.m3u8,parsed,public_linkout,,candidate_new,,,0,https://thesurfersview.com/live-cams/new-jersey/sea-girt-surf-cam/,false,,NJ,USA
https://thesurfersview.com/live-cams/new-jersey/sea-isle-city-beach-cam-and-surf-report/,Sea Isle City Beach Cam & Surf Report - The Surfers View,new-jersey,The Surfers View,,,parsed,public_linkout,,needs_review,86f9f0cd-e095-4416-af44-b2dd1cfecbe6,12th-street-jetty-sea-isle-city-nj,0.86,https://thesurfersview.com/live-cams/new-jersey/sea-isle-city-beach-cam-and-surf-report/,false,,NJ,USA
https://thesurfersview.com/live-cams/new-jersey/seaside-heights-beach-cam/,Seaside Heights Beach Cam - The Surfers View,new-jersey,Coastal Camera Network,https://cdn.target-video.com/live/partners/12647/snapshot/1674003_sd_69fd34289b0a0_1778201640.jpg,https://piernorth.cdn.coastalcameranetwork.com/New_Jersey/piernorth.stream/playlist.m3u8,parsed,public_linkout,,candidate_new,,,0,https://thesurfersview.com/live-cams/new-jersey/seaside-heights-beach-cam/,false,,NJ,USA
https://thesurfersview.com/live-cams/new-jersey/seaside-heights-cam-and-surf-report/,Seaside Heights Cam and Surf Report - The Surfers View,new-jersey,Coastal Camera Network,https://cdn.target-video.com/live/partners/12647/snapshot/379966_sd_69fd4359c0814_1778205529.jpg,https://seasideheights.cdn.coastalcameranetwork.com/New_Jersey/seasideheights.stream/index.m3u8,parsed,public_linkout,,candidate_new,,,0,https://thesurfersview.com/live-cams/new-jersey/seaside-heights-cam-and-surf-report/,false,,NJ,USA
https://thesurfersview.com/live-cams/new-jersey/seaside-heights-nj-beach-cam/,Seaside Heights NJ Beach Cam - The Surfers View,new-jersey,Coastal Camera Network,https://ccn-media.coastalcameranetwork.com/New_Jersey/seasideheightssouth.stream/latest.jpg,https://seasideheightssouth.cdn.coastalcameranetwork.com/New_Jersey/seasideheightssouth.stream/index.m3u8,parsed,public_linkout,,candidate_new,,,0,https://thesurfersview.com/live-cams/new-jersey/seaside-heights-nj-beach-cam/,false,,NJ,USA
https://thesurfersview.com/live-cams/new-jersey/seaside-heights-webcam/,Seaside Heights Webcam - The Surfers View,new-jersey,Coastal Camera Network,https://cdn.target-video.com/live/partners/12647/snapshot/1225554_sd_69fd35b13f71c_1778202033.jpg,https://sshoceanclub.cdn.coastalcameranetwork.com/New_Jersey/sspark.stream/index.m3u8,parsed,public_linkout,,candidate_new,,,0,https://thesurfersview.com/live-cams/new-jersey/seaside-heights-webcam/,false,,NJ,USA
https://thesurfersview.com/live-cams/new-jersey/seaside-park-beach-cam/,Seaside Park Beach Cam - The Surfers View,new-jersey,Coastal Camera Network,https://cdn.target-video.com/live/partners/12647/snapshot/1208911_sd_69fd35e34362c_1778202083.jpg,https://sshoceanclubpark.cdn.coastalcameranetwork.com/sunba/sshoceanclub/index.m3u8,parsed,public_linkout,,needs_review,ce47aad5-8a2d-490c-8d42-5ebafc9e9105,seaside-park-seaside-park-nj,1,https://thesurfersview.com/live-cams/new-jersey/seaside-park-beach-cam/,false,,NJ,USA
https://thesurfersview.com/live-cams/new-jersey/seaside-park-cam/,Seaside Park Cam - The Surfers View,new-jersey,Coastal Camera Network,https://ccn-media.coastalcameranetwork.com/New_Jersey/seasidepark.stream/latest.jpg,https://seasidepark.cdn.coastalcameranetwork.com/New_Jersey/seasidepark.stream/index.m3u8,parsed,public_linkout,,needs_review,ce47aad5-8a2d-490c-8d42-5ebafc9e9105,seaside-park-seaside-park-nj,1,https://thesurfersview.com/live-cams/new-jersey/seaside-park-cam/,false,,NJ,USA
https://thesurfersview.com/live-cams/new-jersey/ship-bottom-lbi-beach-cam-and-surf-report/,Ship Bottom LBI Beach Cam & Surf Report - The Surfers View,new-jersey,The Surfers View,,,parsed,public_linkout,,candidate_new,,,0,https://thesurfersview.com/live-cams/new-jersey/ship-bottom-lbi-beach-cam-and-surf-report/,false,,NJ,USA
https://thesurfersview.com/live-cams/new-jersey/spring-lake-beach-cam-and-surf-report/,Spring Lake Beach Cam & Surf Report - The Surfers View,new-jersey,The Surfers View,,,parsed,public_linkout,,needs_review,a3344c6e-847a-4d85-84f4-6c8de7f7256f,kook-bay-spring-lake-nj,0.86,https://thesurfersview.com/live-cams/new-jersey/spring-lake-beach-cam-and-surf-report/,false,,NJ,USA
https://thesurfersview.com/live-cams/new-jersey/surf-city-beach-cam-surf-report/,Surf City Beach Cam & Surf Report - The Surfers View,new-jersey,The Surfers View,,,parsed,public_linkout,,needs_review,86f9f0cd-e095-4416-af44-b2dd1cfecbe6,12th-street-jetty-sea-isle-city-nj,0.86,https://thesurfersview.com/live-cams/new-jersey/surf-city-beach-cam-surf-report/,false,,NJ,USA
https://thesurfersview.com/live-cams/new-jersey/the-cove-cape-may-beach-cam-and-surf-report/,The Cove Cape May Beach Cam & Surf Report - The Surfers View,new-jersey,Coastal Camera Network,https://ccn-media.coastalcameranetwork.com/sunba/capemaycove/latest.jpg,https://capemaycove.cdn.coastalcameranetwork.com/sunba/capemaycove/index.m3u8,parsed,public_linkout,,matched,d56a19ac-a0ee-4f99-b041-a10d70c26860,the-cove-cape-may-nj,1,https://thesurfersview.com/live-cams/new-jersey/the-cove-cape-may-beach-cam-and-surf-report/,false,,NJ,USA
https://thesurfersview.com/live-cams/new-jersey/ventnor-beach-cam-surf-report/,Ventnor Beach Cam - The Surfers View,new-jersey,The Surfers View,,,parsed,public_linkout,,candidate_new,,,0,https://thesurfersview.com/live-cams/new-jersey/ventnor-beach-cam-surf-report/,false,,NJ,USA
https://thesurfersview.com/live-cams/new-jersey/wildwood-beach-cam-and-surf-report/,Wildwood Beach Cam & Surf Report - The Surfers View,new-jersey,The Surfers View,,,parsed,public_linkout,,candidate_new,,,0,https://thesurfersview.com/live-cams/new-jersey/wildwood-beach-cam-and-surf-report/,false,,NJ,USA
https://thesurfersview.com/live-cams/new-jersey/wildwood-live-cam/,Wildwood Live Cam - The Surfers View,new-jersey,Coastal Camera Network,https://cdn.target-video.com/live/partners/12647/snapshot/1341379_sd_69fd3585976a6_1778201989.jpg,https://wildwoodacrest.cdn.coastalcameranetwork.com/New_Jersey/acaciawildwood.stream/index.m3u8,parsed,public_linkout,,candidate_new,,,0,https://thesurfersview.com/live-cams/new-jersey/wildwood-live-cam/,false,,NJ,USA
https://thesurfersview.com/live-cams/new-york/atlantic-beach-cam-and-surf-report/,Atlantic Beach Cam and Surf Report - The Surfers View,new-york,The Surfers View,,,parsed,public_linkout,,candidate_new,,,0,https://thesurfersview.com/live-cams/new-york/atlantic-beach-cam-and-surf-report/,false,,NY,USA
https://thesurfersview.com/live-cams/new-york/coney-island-beach-cam-and-surf-report/,Coney Island Beach Cam and Surf Report - The Surfers View,new-york,The Surfers View,,,parsed,public_linkout,,candidate_new,,,0,https://thesurfersview.com/live-cams/new-york/coney-island-beach-cam-and-surf-report/,false,,NY,USA
https://thesurfersview.com/live-cams/new-york/coopers-beach-live-cam-and-surf-report/,Coopers Beach Cam & Surf Report - The Surfers View,new-york,The Surfers View,,,parsed,public_linkout,,candidate_new,,,0,https://thesurfersview.com/live-cams/new-york/coopers-beach-live-cam-and-surf-report/,false,,NY,USA
https://thesurfersview.com/live-cams/new-york/east-hampton-beach-cam-and-surf-report/,East Hampton Beach Cam and Surf Report - The Surfers View,new-york,The Surfers View,,,parsed,public_linkout,,candidate_new,,,0,https://thesurfersview.com/live-cams/new-york/east-hampton-beach-cam-and-surf-report/,false,,NY,USA
https://thesurfersview.com/live-cams/new-york/fire-island-beach-cam-and-surf-report/,Fire Island NY Beach Cam and Surf Report - The Surfers View,new-york,Coastal Camera Network,https://ccn-media.coastalcameranetwork.com/New_York/fireisland.stream/latest.jpg,https://fireislandny.cdn.coastalcameranetwork.com/New_York/fireisland.stream/index.m3u8,parsed,public_linkout,,candidate_new,,,0,https://thesurfersview.com/live-cams/new-york/fire-island-beach-cam-and-surf-report/,false,,NY,USA
https://thesurfersview.com/live-cams/new-york/jones-beach-ny-beach-cam-report/,Jones Beach NY Beach Cam and Surf Report - The Surfers View,new-york,The Surfers View,,,parsed,public_linkout,,candidate_new,,,0,https://thesurfersview.com/live-cams/new-york/jones-beach-ny-beach-cam-report/,false,,NY,USA
https://thesurfersview.com/live-cams/new-york/lido-beach-cam-and-surf-report/,Lido Beach Cam - The Surfers View,new-york,Coastal Camera Network,https://ccn-media.coastalcameranetwork.com/New_York/lido.stream/latest.jpg,https://lidobeach.cdn.coastalcameranetwork.com/New_York/lido.stream/index.m3u8,parsed,public_linkout,,candidate_new,,,0,https://thesurfersview.com/live-cams/new-york/lido-beach-cam-and-surf-report/,false,,NY,USA
https://thesurfersview.com/live-cams/new-york/long-beach-cam-and-surf-report/,Long Beach NY Beach Cam and Surf Report - The Surfers View,new-york,The Surfers View,,,parsed,public_linkout,,needs_review,03dc4aef-c5e3-48a6-9563-39e0fe08c9b5,long-beach-long-beach-ny,0.92,https://thesurfersview.com/live-cams/new-york/long-beach-cam-and-surf-report/,false,,NY,USA
https://thesurfersview.com/live-cams/new-york/long-beach-ny-skudin-surf-cam/,Long Beach NY Skudin Surf Cam - The Surfers View,new-york,Coastal Camera Network,https://ccn-media.coastalcameranetwork.com/sunba/skudinsurfcam/latest.jpg,https://skudinsurfcam.cdn.coastalcameranetwork.com/sunba/skudinsurfcam/index.m3u8,parsed,public_linkout,,needs_review,03dc4aef-c5e3-48a6-9563-39e0fe08c9b5,long-beach-long-beach-ny,0.92,https://thesurfersview.com/live-cams/new-york/long-beach-ny-skudin-surf-cam/,false,,NY,USA
https://thesurfersview.com/live-cams/new-york/long-beach-surf-cam/,Long Beach Surf Cam - The Surfers View,new-york,The Surfers View,,,parsed,public_linkout,,needs_review,03dc4aef-c5e3-48a6-9563-39e0fe08c9b5,long-beach-long-beach-ny,1,https://thesurfersview.com/live-cams/new-york/long-beach-surf-cam/,false,,NY,USA
https://thesurfersview.com/live-cams/new-york/rockaway-beach-cam-and-surf-report/,Rockaway NY Beach Cam & Surf Report - The Surfers View,new-york,The Surfers View,,,parsed,public_linkout,,candidate_new,,,0,https://thesurfersview.com/live-cams/new-york/rockaway-beach-cam-and-surf-report/,false,,NY,USA
https://thesurfersview.com/live-cams/new-york/rockaway-ny-beach-cam-and-surf-report/,Rockaway Beach Cam & Surf Report - The Surfers View,new-york,Coastal Camera Network,https://ccn-media.coastalcameranetwork.com/New_York/rockawaybeachoverview.stream/latest.jpg,https://rockawaybeachoverview.cdn.coastalcameranetwork.com/New_York/rockawaybeachoverview.stream/index.m3u8,parsed,public_linkout,,needs_review,7e7b38b1-767f-4213-9314-538f51ab5084,rockaway-beach-90th-st-queens-ny,0.92,https://thesurfersview.com/live-cams/new-york/rockaway-ny-beach-cam-and-surf-report/,false,,NY,USA
https://thesurfersview.com/live-cams/new-york/rockaway-surf-cam-report/,Rockaway Surf Cam & Report - The Surfers View,new-york,Coastal Camera Network,https://ccn-media.coastalcameranetwork.com/New_York/rockawaybeachoverview2.stream/latest.jpg,https://rockawaybeachoverview2.cdn.coastalcameranetwork.com/New_York/rockawaybeachoverview2.stream/index.m3u8,parsed,public_linkout,,needs_review,7e7b38b1-767f-4213-9314-538f51ab5084,rockaway-beach-90th-st-queens-ny,0.92,https://thesurfersview.com/live-cams/new-york/rockaway-surf-cam-report/,false,,NY,USA
https://thesurfersview.com/live-cams/nicaragua/popoyo-surf-cam-beach-report/,Popoyo Nicaragua Beach Cam & Surf Report - The Surfers View,nicaragua,The Surfers View,,,parsed,public_linkout,,candidate_new,,,0,https://thesurfersview.com/live-cams/nicaragua/popoyo-surf-cam-beach-report/,false,,,Nicaragua
https://thesurfersview.com/live-cams/north-carolina/atlantic-beach-nc-cam/,Atlantic Beach NC Cam - The Surfers View,north-carolina,Coastal Camera Network,https://cdn.target-video.com/live/partners/12647/snapshot/1598305_sd_69fd349a8015f_1778201754.jpg,https://atlanticncbeach.cdn.coastalcameranetwork.com/North-Carolina2/atlanticncbeach.stream/index.m3u8,parsed,public_linkout,,candidate_new,,,0,https://thesurfersview.com/live-cams/north-carolina/atlantic-beach-nc-cam/,false,,NC,USA
https://thesurfersview.com/live-cams/north-carolina/atlantic-beach-nc-webcam/,Atlantic Beach NC Webcam - The Surfers View,north-carolina,Coastal Camera Network,https://ccn-media.coastalcameranetwork.com/North-Carolina/atlantic-beach-nc.stream/latest.jpg,https://atlanticbeachncclaw.cdn.coastalcameranetwork.com/North-Carolina/atlantic-beach-nc.stream/index.m3u8,parsed,public_linkout,,candidate_new,,,0,https://thesurfersview.com/live-cams/north-carolina/atlantic-beach-nc-webcam/,false,,NC,USA
https://thesurfersview.com/live-cams/north-carolina/atlantic-beach-webcam-and-surf-report/,Atlantic Beach Webcam & Surf Report - The Surfers View,north-carolina,The Surfers View,,,parsed,public_linkout,,candidate_new,,,0,https://thesurfersview.com/live-cams/north-carolina/atlantic-beach-webcam-and-surf-report/,false,,NC,USA
https://thesurfersview.com/live-cams/north-carolina/carolina-beach-webcam-and-surf-report/,Carolina Beach Cam & Surf Report - The Surfers View,north-carolina,The Surfers View,,,parsed,public_linkout,,matched,23554d2f-cf2b-487c-8e38-45d19ec785b5,carolina-beach-carolina-beach-nc,1,https://thesurfersview.com/live-cams/north-carolina/carolina-beach-webcam-and-surf-report/,false,,NC,USA
https://thesurfersview.com/live-cams/north-carolina/corolla-outer-banks-webcam-and-surf-report/,Corolla Outer Banks Webcam & Surf Report - The Surfers View,north-carolina,The Surfers View,,,parsed,public_linkout,,matched,885440f6-10c2-4c70-aa40-b7b71044cda3,corolla-corolla-nc,0.92,https://thesurfersview.com/live-cams/north-carolina/corolla-outer-banks-webcam-and-surf-report/,false,,NC,USA
https://thesurfersview.com/live-cams/north-carolina/emerald-isle-beach-cam-surf-report/,Emerald Isle Beach Cam & Surf Report - The Surfers View,north-carolina,Coastal Camera Network,https://ccn-media.coastalcameranetwork.com/North-Carolina/emeraldislebeacheora.stream/latest.jpg,https://emeraldislebeacheora.cdn.coastalcameranetwork.com/North-Carolina/emeraldislebeacheora.stream/index.m3u8,parsed,public_linkout,,candidate_new,,,0,https://thesurfersview.com/live-cams/north-carolina/emerald-isle-beach-cam-surf-report/,false,,NC,USA
https://thesurfersview.com/live-cams/north-carolina/emerald-isle-live-cam-surf-report/,Emerald Isle Live Cam & Surf Report - The Surfers View,north-carolina,Coastal Camera Network,https://ccn-media.coastalcameranetwork.com/North-Carolina/emeraldislebeachwora.stream/latest.jpg,https://emeraldislebeachwora.cdn.coastalcameranetwork.com/North-Carolina/emeraldislebeachwora.stream/index.m3u8,parsed,public_linkout,,candidate_new,,,0,https://thesurfersview.com/live-cams/north-carolina/emerald-isle-live-cam-surf-report/,false,,NC,USA
https://thesurfersview.com/live-cams/north-carolina/holden-beach-cam-and-surf-report/,Holden Beach Cam & Surf Report - The Surfers View,north-carolina,The Surfers View,,,parsed,public_linkout,,candidate_new,,,0,https://thesurfersview.com/live-cams/north-carolina/holden-beach-cam-and-surf-report/,false,,NC,USA
https://thesurfersview.com/live-cams/north-carolina/kitty-hawk-webcam-and-surf-report/,Kitty Hawk Webcam & Surf Report - The Surfers View,north-carolina,The Surfers View,,,parsed,public_linkout,,candidate_new,,,0,https://thesurfersview.com/live-cams/north-carolina/kitty-hawk-webcam-and-surf-report/,false,,NC,USA
https://thesurfersview.com/live-cams/north-carolina/nags-head-beach-cam-and-surf-report/,Nags Head Beach Cam and Surf Report - The Surfers View,north-carolina,The Surfers View,,,parsed,public_linkout,,matched,872fdb8c-6e6b-459e-813c-e8fc6a9561bd,nags-head-nags-head-nc,1,https://thesurfersview.com/live-cams/north-carolina/nags-head-beach-cam-and-surf-report/,false,,NC,USA
https://thesurfersview.com/live-cams/north-carolina/ocean-isle-beach-cam-and-surf-report/,Ocean Isle Beach Cam & Surf Report - The Surfers View,north-carolina,The Surfers View,,,parsed,public_linkout,,candidate_new,,,0,https://thesurfersview.com/live-cams/north-carolina/ocean-isle-beach-cam-and-surf-report/,false,,NC,USA
https://thesurfersview.com/live-cams/north-carolina/wrightsville-beach-webcam-and-surf-report/,Wrightsville Beach Webcam and Surf Report - The Surfers View,north-carolina,The Surfers View,,,parsed,public_linkout,,matched,4b88f10a-c794-4144-b17a-133af9fee9f9,wrightsville-beach-wrightsville-beach-nc,1,https://thesurfersview.com/live-cams/north-carolina/wrightsville-beach-webcam-and-surf-report/,false,,NC,USA
https://thesurfersview.com/live-cams/puerto-rico/jobos-surf-cam/,Jobos Surf Cam - The Surfers View,puerto-rico,Coastal Camera Network,https://ccn-media.coastalcameranetwork.com/sunba/bellasurf/latest.jpg,https://jobosPR.cdn.coastalcameranetwork.com/sunba/bellasurf/playlist.m3u8,parsed,public_linkout,,matched,388bb737-5889-46d0-a182-d26567bf23f6,jobos,1,https://thesurfersview.com/live-cams/puerto-rico/jobos-surf-cam/,false,,PR,USA
https://thesurfersview.com/live-cams/south-carolina/folly-beach-surf-cam/,Folly Beach Surf Cam - The Surfers View,south-carolina,Coastal Camera Network,https://ccn-media.coastalcameranetwork.com/North-Carolina2/washout.stream/latest.jpg,https://washout.cdn.coastalcameranetwork.com/North-Carolina2/washout.stream/index.m3u8,parsed,public_linkout,,matched,76057acb-e6b4-46c0-ae0e-4110cd7a19d1,folly-beach-folly-beach-sc,1,https://thesurfersview.com/live-cams/south-carolina/folly-beach-surf-cam/,false,,SC,USA
https://thesurfersview.com/live-cams/south-carolina/isle-of-palms-beach-cam-surf-report/,Isle of Palms Beach Cam & Surf Report - The Surfers View,south-carolina,The Surfers View,,,parsed,public_linkout,,matched,d15efc29-c4cb-407c-99b8-be92914473f4,isle-of-palms-isle-of-palms-sc,1,https://thesurfersview.com/live-cams/south-carolina/isle-of-palms-beach-cam-surf-report/,false,,SC,USA
https://thesurfersview.com/live-cams/south-carolina/myrtle-beach-cam-surf-report/,Myrtle Beach Cam & Surf Report - The Surfers View,south-carolina,The Surfers View,,,parsed,public_linkout,,candidate_new,,,0,https://thesurfersview.com/live-cams/south-carolina/myrtle-beach-cam-surf-report/,false,,SC,USA
https://thesurfersview.com/live-cams/south-carolina/myrtle-beach-live-cam-surf-report/,Myrtle Beach Live Cam & Surf Report - The Surfers View,south-carolina,The Surfers View,,,parsed,public_linkout,,candidate_new,,,0,https://thesurfersview.com/live-cams/south-carolina/myrtle-beach-live-cam-surf-report/,false,,SC,USA
https://thesurfersview.com/live-cams/south-carolina/myrtle-beach-webcam-surf-report/,Myrtle Beach Webcam & Surf Report - The Surfers View,south-carolina,The Surfers View,,,parsed,public_linkout,,candidate_new,,,0,https://thesurfersview.com/live-cams/south-carolina/myrtle-beach-webcam-surf-report/,false,,SC,USA
https://thesurfersview.com/live-cams/south-carolina/surfside-beach-cam-surf-report/,Surfside Beach Cam & Surf Report - The Surfers View,south-carolina,The Surfers View,,,parsed,public_linkout,,candidate_new,,,0,https://thesurfersview.com/live-cams/south-carolina/surfside-beach-cam-surf-report/,false,,SC,USA
https://thesurfersview.com/live-cams/texas/galveston-webcam-surf-report/,Galveston Webcam & Surf Report - The Surfers View,texas,The Surfers View,,,parsed,public_linkout,,candidate_new,,,0,https://thesurfersview.com/live-cams/texas/galveston-webcam-surf-report/,false,,TX,USA
https://thesurfersview.com/live-cams/texas/pearl-beach-webcam-surf-report/,Pearl Beach Webcam & Surf Report - The Surfers View,texas,The Surfers View,,,parsed,public_linkout,,candidate_new,,,0,https://thesurfersview.com/live-cams/texas/pearl-beach-webcam-surf-report/,false,,TX,USA
https://thesurfersview.com/live-cams/texas/south-padre-island-beach-cam-surf-report/,South Padre Island Beach Cam & Surf Report - The Surfers View,texas,The Surfers View,,,parsed,public_linkout,,needs_review,fa19107a-a276-4257-872d-c5331264d01b,south-padre-island-isla-blanca-park-south-padre-island-tx,0.86,https://thesurfersview.com/live-cams/texas/south-padre-island-beach-cam-surf-report/,false,,TX,USA
https://thesurfersview.com/live-cams/texas/south-padre-island-webcam-surf-report/,South Padre Island Webcam & Surf Report - The Surfers View,texas,The Surfers View,,,parsed,public_linkout,,needs_review,fa19107a-a276-4257-872d-c5331264d01b,south-padre-island-isla-blanca-park-south-padre-island-tx,0.86,https://thesurfersview.com/live-cams/texas/south-padre-island-webcam-surf-report/,false,,TX,USA
https://thesurfersview.com/live-cams/united-kingdom/dawlish-beach-cam-surf-report/,Dawlish Beach Cam & Surf Report - The Surfers View,united-kingdom,The Surfers View,,,parsed,public_linkout,,candidate_new,,,0,https://thesurfersview.com/live-cams/united-kingdom/dawlish-beach-cam-surf-report/,false,,,United Kingdom
https://thesurfersview.com/live-cams/united-kingdom/polzeath-webcam-and-surf-report/,Polzeath Webcam and Surf Report - The Surfers View,united-kingdom,The Surfers View,,,parsed,public_linkout,,candidate_new,,,0,https://thesurfersview.com/live-cams/united-kingdom/polzeath-webcam-and-surf-report/,false,,,United Kingdom
https://thesurfersview.com/live-cams/virginia/sandbridge-beach-cam-surf-report/,Sandbridge Beach Cam & Surf Report - The Surfers View,virginia,The Surfers View,,,parsed,public_linkout,,candidate_new,,,0,https://thesurfersview.com/live-cams/virginia/sandbridge-beach-cam-surf-report/,false,,VA,USA
https://thesurfersview.com/live-cams/virginia/virginia-beach-cam-surf-report/,Virginia Beach Cam & Surf Report - The Surfers View,virginia,The Surfers View,,,parsed,public_linkout,,candidate_new,,,0,https://thesurfersview.com/live-cams/virginia/virginia-beach-cam-surf-report/,false,,VA,USA
https://thesurfersview.com/live-cams/virginia/virginia-beach-webcam-surf-report/,Virginia Beach Webcam & Surf Report - The Surfers View,virginia,The Surfers View,,,parsed,public_linkout,,candidate_new,,,0,https://thesurfersview.com/live-cams/virginia/virginia-beach-webcam-surf-report/,false,,VA,USA
